id,title,type,description,release_year,age_certification,runtime,genres,production_countries,seasons,imdb_id,imdb_score,imdb_votes,tmdb_popularity,tmdb_score
ts20945,The Three Stooges,SHOW,"The Three Stooges were an American vaudeville and comedy team active from 1922 until 1970, best known for their 190 short subject films by Columbia Pictures that have been regularly airing on television since 1958. Their hallmark was physical farce and slapstick. In films, the stooges were commonly known by their actual first names. There were a total of six stooges over the act's run (with only three active at any given time), but Moe Howard and Larry Fine were the mainstays throughout the ensemble's nearly fifty-year run.",1934,TV-PG,19,"['comedy', 'family', 'animation', 'action', 'fantasy', 'horror']",['US'],26.0,tt0850645,8.6,1092.0,15.424,7.6
tm19248,The General,MOVIE,"During America’s Civil War, Union spies steal engineer Johnnie Gray's beloved locomotive, 'The General'—with Johnnie's lady love aboard an attached boxcar—and he single-handedly must do all in his power to both get The General back and to rescue Annabelle.",1926,,78,"['action', 'drama', 'war', 'western', 'comedy', 'european']",['US'],,tt0017925,8.2,89766.0,8.647,8.0
tm82253,The Best Years of Our Lives,MOVIE,"It's the hope that sustains the spirit of every GI: the dream of the day when he will finally return home. For three WWII veterans, the day has arrived. But for each man, the dream is about to become a nightmare.",1946,,171,"['romance', 'war', 'drama']",['US'],,tt0036868,8.1,63026.0,8.435,7.8
tm83884,His Girl Friday,MOVIE,"Hildy, the journalist former wife of newspaper editor Walter Burns, visits his office to inform him that she's engaged and will be getting remarried the next day. Walter can't let that happen and frames the fiancé, Bruce Baldwin, for one thing after another, to keep him temporarily held in prison, while trying to steer Hildy into returning to her old job as his employee.",1940,,92,"['comedy', 'drama', 'romance']",['US'],,tt0032599,7.8,57835.0,11.27,7.4
tm56584,In a Lonely Place,MOVIE,An aspiring actress begins to suspect that her temperamental boyfriend is a murderer.,1950,,94,"['thriller', 'drama', 'romance']",['US'],,tt0042593,7.9,30924.0,8.273,7.6
tm160494,Stagecoach,MOVIE,"A group of people traveling on a stagecoach find their journey complicated by the threat of Geronimo, and learn something about each other in the process.",1939,,96,"['western', 'drama']",['US'],,tt0031971,7.8,48149.0,11.786,7.7
tm87233,It's a Wonderful Life,MOVIE,"A holiday favourite for generations...  George Bailey has spent his entire life giving to the people of Bedford Falls.  All that prevents rich skinflint Mr. Potter from taking over the entire town is George's modest building and loan company.  But on Christmas Eve the business's $8,000 is lost and George's troubles begin.",1946,PG,130,"['drama', 'family', 'fantasy', 'romance', 'comedy']",['US'],,tt0038650,8.6,444243.0,26.495,8.3
tm19424,Detour,MOVIE,"The life of Al Roberts, a pianist in a New York nightclub, turns into a nightmare when he decides to hitchhike to Los Angeles to visit his girlfriend.",1945,,66,"['thriller', 'drama', 'crime']",['US'],,tt0037638,7.3,17233.0,7.757,7.2
tm116781,My Man Godfrey,MOVIE,"Fifth Avenue socialite Irene Bullock needs a ""forgotten man"" to win a scavenger hunt, and no one is more forgotten than Godfrey Park, who resides in a dump by the East River. Irene hires Godfrey as a servant for her riotously unhinged family, to the chagrin of her spoiled sister, Cornelia, who tries her best to get Godfrey fired. As Irene falls for her new butler, Godfrey turns the tables and teaches the frivolous Bullocks a lesson or two.",1936,,95,"['comedy', 'romance', 'drama']",['US'],,tt0028010,8.0,23532.0,8.633,7.6
tm112005,Marihuana,MOVIE,"A young girl named Burma attends a beach party with her boyfriend and after she smokes marijuana with a bunch of other girls, she gets pregnant and another girl drowns while skinny dipping in the ocean. Burma and her boyfriend go to work for the pusher in order to make money so they can get married. However, during a drug deal her boyfriend is killed leaving Burma to fend for herself. Burma then becomes a major narcotics pusher in her own right after giving up her baby for adoption.",1936,,57,"['crime', 'drama']",['US'],,tt0026683,4.0,864.0,3.748,3.6
tm22806,Intolerance: Love's Struggle Throughout the Ages,MOVIE,"The story of a poor young woman, separated by prejudice from her husband and baby, is interwoven with tales of intolerance from throughout history.",1916,,197,"['history', 'drama']",['US'],,tt0006864,7.7,15242.0,9.412,7.2
tm88001,The Stranger,MOVIE,A man working for the War Crimes Commission suspects that an important Nazi official has folded himself into a quaint Connecticut town.,1946,,95,"['thriller', 'crime', 'drama']",['US'],,tt0038991,7.3,26293.0,7.566,7.3
tm141715,The Phantom of the Opera,MOVIE,"A grotesquely disfigured composer known as ""The Phantom"" haunts Paris' opera house, where he's secretly grooming Christine Daae to be an opera diva. Luring her to his remote underground lair, The Phantom declares his love. But Christine loves Raoul de Chagny and plans to elope with him. When The Phantom learns this, he abducts Christine.",1925,,101,['horror'],['US'],,tt0016220,7.5,18190.0,7.428,7.2
tm112415,Tell Your Children,MOVIE,"High-school principal Dr. Alfred Carroll relates to an audience of parents that marijuana can have devastating effects on teens: a drug supplier entices several restless teens, Mary and Jimmy Lane, sister and brother, and Bill, Mary's boyfriend, into frequenting a reefer house. Gradually, Bill and Jimmy are drawn into smoking dope, which affects their family lives.",1938,PG,66,"['drama', 'crime']",['US'],,tt0028346,3.7,8617.0,5.412,4.1
tm2838,The Most Dangerous Game,MOVIE,"When legendary hunter Bob Rainsford is shipwrecked on the perilous reefs surrounding a mysterious island, he finds himself the guest of the reclusive and eccentric Count Zaroff. While he is very gracious at first, Zaroff eventually forces Rainsford and two other shipwreck survivors, brother and sister Eve and Martin Towbridge, to participate in a sadistic game of cat and mouse in which they are the prey and he is the hunter.",1932,,63,"['thriller', 'horror', 'action']",['US'],,tt0023238,7.1,12203.0,8.828,7.0
tm155610,Wuthering Heights,MOVIE,"The Earnshaws are Yorkshire farmers during the early 19th Century. One day, Mr. Earnshaw returns from a trip to the city, bringing with him a ragged little boy called Heathcliff. Earnshaw's son, Hindley, resents the child, but Heathcliff becomes companion and soulmate to Hindley's sister, Catherine. After her parents die, Cathy and Heathcliff grow up wild and free on the moors and despite the continued enmity between Hindley and Heathcliff they're happy -- until Cathy meets Edgar Linton, the son of a wealthy neighbor.",1939,,104,"['drama', 'romance']",['US'],,tt0032145,7.5,17956.0,12.336,7.3
tm3781,The Woman in the Window,MOVIE,A seductive woman gets an innocent professor mixed up in murder.,1944,,99,"['drama', 'thriller', 'crime']",['US'],,tt0037469,7.6,15909.0,6.018,7.5
tm3541,"Steamboat Bill, Jr.",MOVIE,The just out of college effete son of a no-nonsense steamboat captain comes to visit his father whom he's not seen since he was little.,1928,,70,"['drama', 'romance', 'family', 'action', 'comedy']",['US'],,tt0019421,7.8,14499.0,7.754,7.7
tm82560,The Little Foxes,MOVIE,"The ruthless, moneyed Hubbard clan lives in, and poisons, their part of the deep South at the turn of the 20th century. Regina Giddons née Hubbard has her daughter under her thumb. Mrs. Giddons is estranged from her husband, who is convalescing in Baltimore and suffers from a terminal illness. But she needs him home, and will manipulate her daughter to help bring him back. She has a sneaky business deal that she's cooking up with her two elder brothers, Oscar and Ben. Oscar has a flighty, unhappy wife and a dishonest worm of a son. Will the daughter have to marry this contemptible cousin? Who will she grow up to be - her mother or her aunt? Or can she escape the fate of both?",1941,,115,"['romance', 'drama']",['US'],,tt0033836,7.9,11775.0,5.906,7.5
tm64852,Stella Dallas,MOVIE,"After divorcing a society man, a small-town woman tries to build a better life for their daughter.",1937,,106,"['drama', 'romance']",['US'],,tt0029608,7.4,5440.0,5.377,6.9
tm120863,Dodsworth,MOVIE,A retired auto manufacturer and his wife take a long-planned European vacation only to find that they want very different things from life.,1936,,101,"['romance', 'drama']",['US'],,tt0027532,7.8,9063.0,6.1,7.2
tm66903,Sands of Iwo Jima,MOVIE,"The relationship between Sergeant Stryker and a group of rebellious recruits is made difficult by the Sergeant's tough training tactics. At Tarawa, the leathernecks have a chance to see Stryker in action, and begin to appreciate him.",1950,,100,"['drama', 'war', 'action', 'romance']",['US'],,tt0041841,7.0,10399.0,7.629,6.5
tm74259,The Pride of the Yankees,MOVIE,"The story of the life and career of the baseball hall of famer, Lou Gehrig.",1942,,128,"['drama', 'romance', 'sport']",['US'],,tt0035211,7.6,10866.0,6.602,7.4
tm112424,Things to Come,MOVIE,"The story of a century: a decades-long second World War leaves plague and anarchy, then a rational state rebuilds civilization and attempts space travel.",1936,,89,"['scifi', 'drama', 'war']",['GB'],,tt0028358,6.6,7965.0,11.526,6.5
tm58979,Cyrano de Bergerac,MOVIE,"France, 1640: Cyrano, the charismatic swordsman-poet with the absurd nose, hopelessly loves the beauteous Roxane; she, in turn, confesses to Cyrano her love for the handsome but tongue-tied Christian. The chivalrous Cyrano sets up with Christian an innocent deception, with tragic results.",1950,,112,"['drama', 'romance']",['US'],,tt0042367,7.4,4085.0,5.626,7.1
tm18385,Scarlet Street,MOVIE,"Cashier and part-time starving artist Christopher Cross is absolutely smitten with the beautiful Kitty March. Kitty plays along, but she's really only interested in Johnny, a two-bit crook. When Kitty and Johnny find out that art dealers are interested in Chris's work, they con him into letting Kitty take credit for the paintings. Cross allows it because he is in love with Kitty, but his love will only let her get away with so much.",1945,,103,"['thriller', 'drama']",['US'],,tt0038057,7.8,16405.0,8.003,7.7
tm162994,Made for Each Other,MOVIE,A couple struggle to find happiness after a whirlwind courtship.,1939,,92,"['comedy', 'drama', 'romance']",['US'],,tt0031602,6.3,3582.0,6.242,6.1
tm2721,The Thief of Bagdad,MOVIE,A recalcitrant thief vies with a duplicitous Mongol ruler for the hand of a beautiful princess.,1924,,149,"['romance', 'family', 'fantasy']",['US'],,tt0015400,7.7,6134.0,7.166,7.4
tm59314,D.O.A.,MOVIE,"Frank Bigelow is about to die, and he knows it. The accountant has been poisoned and has only 24 hours before the lethal concoction kills him. Determined to find out who his murderer is, Frank, with the help of his assistant and girlfriend, Paula, begins to trace back over his last steps. As he frantically tries to unravel the mystery behind his own impending demise, his sleuthing leads him to a group of crooked businessmen and another murder.",1950,,83,"['crime', 'comedy', 'thriller', 'drama']",['US'],,tt0042369,7.2,11816.0,7.932,6.9
tm74188,Jungle Book,MOVIE,"Rudyard Kipling's Jungle Book is given the full treatment in this lavish retelling filled with huge sets, exotic animals, a large cast and the incomparable Sabu, starring as Mowgli, the young orphan boy raised by wolves. Curious to reconnect with his human village, Mowgli returns only to find disappointment in the greed and treachery of man. Over time, Mowgli and the village members do grow to trust one another, but not before the village finds itself under siege. It's up to Mowgli and his jungle friends to save the day.",1942,,106,"['fantasy', 'family', 'action']",['US'],,tt0034928,6.7,4195.0,6.515,6.3
tm159958,Love Affair,MOVIE,"French playboy Michel Marnet and American Terry McKay fall in love during the transatlantic passage of a ship. They arrange to reunite six months later, if neither has changed their mind.",1939,,88,"['romance', 'drama', 'comedy']",['US'],,tt0031593,7.3,5421.0,4.028,7.3
tm88469,The Bishop's Wife,MOVIE,"An Episcopal Bishop, Henry Brougham, has been working for months on the plans for an elaborate new cathedral which he hopes will be paid for primarily by a wealthy, stubborn widow. He is losing sight of his family and of why he became a churchman in the first place. Enter Dudley, an angel sent to help him. Dudley does help everyone he meets, but not necessarily in the way they would have preferred. With the exception of Henry, everyone loves him, but Henry begins to believe that Dudley is there to replace him, both at work and in his family's affections, as Christmas approaches.",1947,,109,"['fantasy', 'comedy', 'drama', 'romance']",['US'],,tt0039190,7.6,17675.0,9.031,7.1
tm100997,Of Human Bondage,MOVIE,"Club-footed medical school student Philip Carey falls in love with cynical waitress Mildred Rogers. She rejects him and runs off with a salesman, later returning pregnant and unmarried. Philip takes her in, though ""happily ever after"" is not to be.",1934,,83,"['drama', 'romance']",['US'],,tt0025586,7.0,7332.0,5.776,6.6
tm70212,Our Town,MOVIE,"Change comes slowly to a small New Hampshire town in the early 20th century. We see birth, life and death in this small community.",1940,,90,"['romance', 'drama', 'family']",['US'],,tt0032881,6.5,2607.0,2.847,5.6
tm159975,The Little Princess,MOVIE,The classic Shirley Temple film in which a little girl goes in search of her father who is reported missing by the military during the Second Boer War.,1939,G,93,"['comedy', 'drama', 'family']",['US'],,tt0031580,7.1,6122.0,6.148,6.8
tm56594,The Jackie Robinson Story,MOVIE,"Biography of Jackie Robinson, the first black major league baseball player in the 20th century. Traces his career in the negro leagues and the major leagues.",1950,,76,"['drama', 'sport']",['US'],,tt0042609,6.3,1272.0,1.957,6.4
tm89268,The Secret Life of Walter Mitty,MOVIE,"Walter Mitty, a daydreaming writer with an overprotective mother, likes to imagine that he is a hero who experiences fantastic adventures. His dream becomes reality when he accidentally meets a mysterious woman who hands him a little black book. According to her, it contains the locations of the Dutch crown jewels hidden since World War II. Soon, Mitty finds himself in the middle of a confusing conspiracy, where he has difficulty differentiating between fact and fiction.",1947,,105,"['romance', 'comedy', 'fantasy']",['US'],,tt0039808,6.9,6307.0,5.415,6.8
tm87972,The Strange Love of Martha Ivers,MOVIE,"Three childhood friends, Martha, Walter and Sam, share a terrible secret. Over time, the ambitious Martha and the pusillanimous Walter have married. She is a cold businesswoman; he is the district attorney: a perfect combination to dominate the corrupt city of Iverstown at will. But the unexpected return of Sam, after years of absence, deeply disturbs the life of the odd couple.",1946,,115,"['thriller', 'romance', 'drama']",['US'],,tt0038988,7.4,9729.0,9.703,7.2
tm79732,Flying Tigers,MOVIE,"Jim Gordon commands a unit of the famed Flying Tigers, the American Volunteer Group which fought the Japanese in China before America's entry into World War II. Gordon must send his outnumbered band of fighter pilots out against overwhelming odds while juggling the disparate personalities and problems of his fellow flyers.",1942,,102,"['drama', 'romance', 'war', 'action']","['MX', 'US']",,tt0034742,6.7,3917.0,3.238,6.1
tm140201,Lady Windermere's Fan,MOVIE,"A society woman believes her husband is having an affair, a misconception which may have dire personal consequences for all involved.",1925,,120,['comedy'],['US'],,tt0016004,7.2,1157.0,2.313,6.9
tm71517,Dead End,MOVIE,"Mobster ""Baby Face"" Martin returns home to visit the New York neighborhood where he grew up, dropping in on his mother, who rejects him because of his gangster lifestyle, and his old girlfriend, Francey, now a syphilitic prostitute. Martin also crosses paths with Dave, a childhood friend struggling to make it as an architect, and the Dead End Kids, a gang of young boys roaming the streets of the city's East Side slums.",1937,,93,"['crime', 'drama', 'romance']",['US'],,tt0028773,7.3,7504.0,8.068,7.1
tm84154,Meet John Doe,MOVIE,"As a parting shot, fired reporter Ann Mitchell prints a fake letter from unemployed ""John Doe,"" who threatens suicide in protest of social ills. The paper is forced to rehire Ann and hires John Willoughby to impersonate ""Doe."" Ann and her bosses cynically milk the story for all it's worth, until the made-up ""John Doe"" philosophy starts a whole political movement.",1941,,122,"['romance', 'comedy', 'drama']",['US'],,tt0033891,7.6,13443.0,8.574,7.4
tm119274,The Outlaw,MOVIE,"Newly appointed sheriff Pat Garrett is pleased when his old friend Doc Holliday arrives in Lincoln, New Mexico on the stage. Doc is trailing his stolen horse, and it is discovered in the possession of Billy the Kid. In a surprising turnaround, Billy and Doc become friends. This causes the friendship between Doc and Pat to cool. The odd relationship between Doc and Billy grows stranger when Doc hides Billy at his girl Rio's place after Billy is shot.",1943,,116,['western'],['US'],,,,,7.503,5.6
tm52327,The Front Page,MOVIE,"Hildy Johnson is an investigative reporter is looking for a bigger paycheck. When an accused murderer escapes from custody, Hildy sees an opportunity for the story of a lifetime. But when he finds the criminal, he learns that the man may not be guilty. With the help of his editor, Hildy attempts to hide the convict, uncover the conspiracy and write the scoop of his career.",1931,,101,"['comedy', 'drama', 'thriller', 'crime', 'romance']",['US'],,tt0021890,6.2,17.0,5.403,6.6
tm5661,White Zombie,MOVIE,"In Haiti, a wealthy landowner convinces a sorcerer to lure the American woman he has fallen for away from her fiance, only to have the madman decide to keep the woman for himself, as a zombie.",1932,,67,['horror'],['US'],,tt0023694,6.3,10410.0,6.822,5.9
tm6408,Bird of Paradise,MOVIE,"When a young South Seas sailor falls overboard, the beautiful daughter of a Polynesian king dives in and saves his life. Thus begins the romance of Johnny and Luana. Though Luana is promised to another man, Johnny whisks her away, and for a brief time the lovers live very happily together. But, when a local volcano threatens their lives, Luana knows that she must sacrifice herself to the volcanic gods in order to save her island.",1932,,80,"['romance', 'drama']",['US'],,tt0022689,6.0,1298.0,3.164,5.0
tm140761,The Lost World,MOVIE,The first film adaptation of Sir Arthur Conan Doyle's classic novel about a land where prehistoric creatures still roam.,1925,,93,"['fantasy', 'thriller', 'scifi']",['US'],,tt0016039,7.0,5185.0,8.026,6.7
tm1200,49th Parallel,MOVIE,"In the early days of World War II, a German U-boat is sunk in Canada's Hudson Bay. Hoping to evade capture, a small band of German soldiers led by commanding officer Lieutenant Hirth attempts to cross the border into the United States, which has not yet entered the war and is officially neutral. Along the way, the German soldiers encounter brave men such as a French-Canadian fur trapper, Johnnie, a leader of a Hutterite farming community, Peter, an author, Philip and a soldier, Andy Brock.",1941,,123,"['thriller', 'war', 'drama']","['GB', 'CA']",,tt0033627,7.3,6716.0,8.475,7.0
tm138416,The Private Life of Henry VIII,MOVIE,"Renowned for his excess, King Henry VIII goes through a series of wives during his rule. With Anne Boleyn, his second wife, executed on charges of treason, King Henry weds maid Jane Seymour, but that marriage also ends in tragedy. Not one to be single for long, the king picks German-born Anne of Cleves as his bride, but their union lasts only months before an annulment is granted, and King Henry continues his string of spouses.",1933,,90,"['history', 'comedy', 'drama', 'romance']",['GB'],,tt0024473,7.0,4297.0,5.268,6.4
tm17109,The Southerner,MOVIE,"Sam Tucker, a cotton picker, in search of a better future for his family, decides to grow his own cotton crop. In the first year, the Tuckers battle disease, a flood, and a jealous neighbor. Can they make it as farmers?",1945,,92,['drama'],['US'],,tt0038107,7.1,3443.0,3.753,6.3
tm108119,Hangmen Also Die!,MOVIE,"During the Nazi occupation of Czechoslovakia, surgeon Dr. Franticek Svoboda, a Czech patriot, assassinates the brutal ""Hangman of Europe"", Reichsprotektor Reinhard Heydrich, and is wounded in the process. In his attempt to escape, he is helped by history professor Stephen Novotny and his daughter Mascha.",1943,,134,"['thriller', 'war', 'drama']",['US'],,tt0035966,7.4,5442.0,6.772,7.0
tm52,A Farewell to Arms,MOVIE,"A tale of the World War I love affair, begun in Italy, between American ambulance driver Lt. Frederic Henry and British nurse Catherine Barkley. Eventually separated by Frederic's transfer, tremendous challenges and difficult decisions face each as the war rages on.",1932,PG,89,"['drama', 'romance', 'war']",['US'],,tt0022879,6.4,5970.0,7.581,6.3
tm97774,The Scarlet Letter,MOVIE,"In the seventeenth century, in Massachusetts, a young woman is forced to wear a scarlet ""A"" on her dress for bearing a child out of wedlock.",1934,G,69,"['drama', 'history', 'romance']",['US'],,tt0025747,5.3,367.0,1.666,4.0
tm8190,The Hunchback of Notre Dame,MOVIE,"In 15th century France, a gypsy girl is framed for murder by the infatuated Chief Justice, and only the deformed bellringer of Notre Dame Cathedral can save her.",1923,,113,"['horror', 'drama', 'romance']",['US'],,tt0014142,7.2,5387.0,5.431,6.5
tm53452,Tabu,MOVIE,"The youngsters Matahi and Reri are in love with each other. The old warrior Hitu announces that Reri is to be the new chosen virgin for the gods. This means she must stay untouched, otherwise she and her lover will be killed. But Matahi abducts and escapes with her to an island ruled by the white man, where their gods would be harmless and powerless.",1931,PG-13,86,"['drama', 'romance', 'action']",['US'],,tt0022458,7.4,5783.0,7.156,7.3
tm60168,The Big Lift,MOVIE,The Berlin Air Lift from the point of view of two NCOs.,1950,,120,"['drama', 'war']","['DE', 'US']",,tt0042249,6.5,1550.0,2.667,6.7
tm70223,Why We Fight: Prelude to War,MOVIE,"Prelude to War was the first film of Frank Capra's Why We Fight propaganda film series, commissioned by the Pentagon and George C. Marshall. It was made to convince American troops of the necessity of combating the Axis Powers during World War II. This film examines the differences between democratic and fascist states.",1942,,53,"['documentation', 'war']",['US'],,tt11089918,7.0,2194.0,3.877,6.6
tm60798,The Fighting Kentuckian,MOVIE,"John Breen (John Wayne), a Kentucky militiaman falls in love with French exile Fleurette De Marchand (Vera Ralston). He discovers a plot to steal the land that Fleurette's exiles plan to settle on and aims to foil it.",1949,,100,"['western', 'war', 'romance']",['US'],,tt0041361,6.4,3260.0,7.146,5.8
tm77319,Santa Fe Trail,MOVIE,"As a penalty for fighting fellow classmates days before graduating from West Point, J.E.B. Stuart, George Armstrong Custer and four friends are assigned to the 2nd Cavalry, stationed at Fort Leavenworth. While there they aid in the capture and execution of the abolitionist, John Brown following the Battle of Harper's Ferry.",1940,,110,"['western', 'war', 'drama', 'history', 'romance']",['US'],,tt0033021,6.2,3754.0,5.925,5.8
tm17383,Dick Tracy,MOVIE,Detective Tracy (Morgan Conway) rescues Tess Trueheart (Anne Jeffreys) and Junior from a killer called Splitface (Mike Mazurki).,1945,,61,"['action', 'crime', 'thriller', 'family']",['US'],,tt0037642,5.9,1380.0,2.627,5.1
tm50402,Woman on the Run,MOVIE,"Frank Johnson, a sole witness to a gangland murder, goes into hiding and is trailed by Police Inspector Ferris, on the theory that Frank is trying to escape from possible retaliation. Frank's wife, Eleanor, suspects he is actually running away from their unsuccessful marriage. Aided by a newspaperman, Danny Leggett, Eleanor sets out to locate her husband. The killer is also looking for him, and keeps close tabs on Eleanor.",1950,PG,77,"['drama', 'crime', 'thriller']",['US'],,tt0043142,7.2,3901.0,4.814,6.8
tm88502,Life with Father,MOVIE,A straitlaced turn-of-the-century father presides over a family of boys and the mother who really rules the roost.,1947,,118,"['comedy', 'family']",['US'],,tt0039566,7.1,5446.0,4.151,6.4
tm62593,Nothing Sacred,MOVIE,"When a small-town girl is diagnosed with a rare, deadly disease, an ambitious newspaper man turns her into a national heroine.",1937,,77,"['romance', 'drama', 'fantasy', 'comedy']",['US'],,tt0029322,6.9,6570.0,4.764,6.3
tm85417,Penny Serenade,MOVIE,"While listening to a recording of Penny Serenade, Julie Gardiner Adams begins reflecting on her past. She recalls her impulsive marriage to newspaper reporter Roger Adams, which begins on a deliriously happy note but turns out to be fraught with tragedy. Other songs remind her of their courtship, their marriage, their desire for a child, and the joys and sorrows they have shared. A flood of memories come back to her as she ponders on their present problems and how they arose.",1941,,119,"['romance', 'drama']",['US'],,tt0034012,7.1,7087.0,5.767,6.8
tm4525,He Walked by Night,MOVIE,"This film-noir piece, told in semi-documentary style, follows police on the hunt for a resourceful criminal who shoots and kills a cop.",1949,,79,"['thriller', 'crime']",['US'],,tt0040427,7.1,5943.0,5.253,6.7
tm5051,Algiers,MOVIE,"Pepe Le Moko is a notorious thief, who escaped from France. Since his escape, Moko became a resident and leader of the immense Casbah of Algiers. French officials arrive insisting on Pepe's capture are met with unfazed local detectives, led by Inspector Slimane, who are biding their time. Meanwhile, Pepe meets the beautiful Gaby , which arouses the jealousy of Ines",1938,,96,"['drama', 'romance']",['US'],,tt0029855,6.7,2803.0,2.472,6.7
tm7107,Louisiana Story,MOVIE,The idyllic life of a young Cajun boy and his pet raccoon is disrupted when the tranquility of the bayou is broken by an oil well drilling near his home.,1948,,78,['drama'],['US'],,tt0040550,6.6,1895.0,2.775,6.8
tm118203,Jack London,MOVIE,The adventurous and remarkable life of the US writer Jack London (1876-1916).,1943,,94,"['drama', 'war', 'romance']",['US'],,tt0036051,5.1,389.0,2.022,5.8
tm100333,Broken Blossoms,MOVIE,The love story of an abused English girl and a Chinese Buddhist in a time when London was a brutal and harsh place to live.,1919,PG-13,89,"['romance', 'drama']",['US'],,tt0166130,7.3,10230.0,6.012,6.9
tm109275,Dr. Jekyll and Mr. Hyde,MOVIE,A doctor's research into the roots of evil turns him into a hideous depraved fiend.,1920,,79,"['horror', 'scifi', 'drama']",['US'],,tt0011130,6.9,5367.0,8.16,7.0
tm142410,The Pleasure Garden,MOVIE,"Patsy Brand is a chorus girl at the Pleasure Garden music hall. She meets Jill Cheyne who is down on her luck and gets her a job as a dancer. Jill meets adventurer Hugh Fielding and they get engaged, but when Hugh travels out of the country, she begins to play around.",1925,,75,"['romance', 'drama']",['GB'],,tt0016230,5.8,2504.0,3.871,5.4
tm61613,Too Late for Tears,MOVIE,"One night on a lonely highway, a speeding car tosses a satchel of money, meant for somebody else, into Jane and Alan Palmer's back seat. Alan wants to turn it over to the police, but Jane persuades him to hang onto it 'for a while'. Soon, the Palmers are traced by one Danny Fuller, a sleazy character who claims the money is his.",1949,PG,99,"['crime', 'thriller', 'drama']",['US'],,tt0041968,7.3,4678.0,5.145,6.9
tm61597,Trapped,MOVIE,U.S. Treasury Department agents go after a ring of counterfeiters.,1949,,78,"['thriller', 'crime', 'drama']",['US'],,tt0041983,6.4,1352.0,2.876,5.8
tm131025,Mother,MOVIE,"A  story about a family torn apart by a worker's strike. At first, the mother wants to protect her family from the troublemakers, but eventually she realizes that her son is right and the workers should strike.",1926,,89,['drama'],['SU'],,tt0017128,7.5,2785.0,4.756,7.3
tm127199,Orphans of the Storm,MOVIE,"France, on the eve of the French Revolution. Henriette and Louise have been raised together as sisters. When the plague that takes their parents' lives causes Louise's blindness, they decide to travel to Paris in search of a cure, but they separate when a lustful aristocrat crosses their path.",1921,,150,"['drama', 'history', 'romance']",['US'],,tt0242584,7.3,5133.0,5.002,7.0
tm91719,Let There Be Light,MOVIE,"The final entry in a trilogy of films produced for the U.S. government by John Huston. Some returning combat veterans suffer scars that are more psychological than physical. This film follows patients and staff during their treatment. It deals with what would now be called PTSD, but at the time was categorised as psychoneurosis or shell-shock. Government officials deemed this 1946 film counterproductive to postwar efforts; it was not shown publicly until 1981.",1946,,58,"['war', 'documentation']",['US'],,tt0082649,7.4,1850.0,3.226,7.4
tm90549,The Red House,MOVIE,"An old man and his sister are concealing a terrible secret from their adopted teen daughter, concerning a hidden abandoned farmhouse, located deep in the woods.",1947,,100,"['thriller', 'horror', 'drama']",['US'],,tt0039757,6.8,4016.0,3.991,6.3
tm87103,Robin Hood,MOVIE,"Amid big-budget medieval pageantry, King Richard goes on the Crusades leaving his brother Prince John as regent, who promptly emerges as a cruel, grasping, treacherous tyrant. Apprised of England's peril by message from his lady-love Marian, the dashing Earl of Huntingdon endangers his life and honor by returning to oppose John, but finds himself and his friends outlawed, with Marian apparently dead. Enter Robin Hood, acrobatic champion of the oppressed, laboring to set things right through swashbuckling feats and cliffhanging perils!",1922,,133,"['romance', 'family']",['US'],,tt0013556,7.1,2219.0,2.426,6.3
tm72646,The Hurricane,MOVIE,"In the colonial era, island native Terangi (Jon Hall) spends a blissful honeymoon with his bride, Marama (Dorothy Lamour). Soon after, however, their relationship is torn asunder when Terangi is sent to prison for punching a prejudiced white man. Prominent members of the community -- including the governor's wife, Mme. De Laage (Mary Astor), petition the governor for clemency, but he refuses to budge. However, all pretense of law and order are soon shattered by an incoming tropical storm.",1937,,110,"['drama', 'romance', 'action']",['US'],,tt0029030,7.2,2595.0,2.85,7.0
tm348419,Payoff in the Pacific,MOVIE,A documentary on .S. efforts against the Japanese during the Second World War.,1945,,56,[],[],,,,,0.6,
tm3083,The Memphis Belle: A Story of a Flying Fortress,MOVIE,"This documentary centers on the crew of the B-17 Flying Fortress Memphis Belle as it prepares to execute a strategic bombing raid on sub-pens in Wilhelmshaven, Germany.",1944,,45,"['war', 'documentation', 'history']",['US'],,tt0036152,7.3,1646.0,2.497,6.7
tm17025,The Cat and the Canary,MOVIE,"Rich old Cyrus West's relatives are waiting for him to die so they can inherit. But he stipulates that his will be read 20 years after his death. On the appointed day his expectant heirs arrive at his brooding mansion. The will is read and it turns out that Annabelle West, the only heir with his name left, inherits, if she is deemed sane. If she isn't, the money and some diamonds go to someone else, whose name is in a sealed envelope. Before he can reveal the identity of her successor to Annabelle, Mr. Crosby, the lawyer, disappears. The first in a series of mysterious events, some of which point to Annabelle in fact being unstable.",1927,,108,"['comedy', 'thriller', 'horror']",['US'],,tt0017739,7.1,2981.0,5.109,7.0
tm113262,These Three,MOVIE,"Martha and Karen graduate from college and turn an old Massachusetts farm into a school for girls. The friends are aided in their venture by local doctor Joe Cardin, who begins a relationship with Karen, and a prominent woman whose granddaughter, Mary, later enrolls in the new school. Mary soon reveals herself to be a spiteful child and tells a scandalous lie about Martha and Joe that threatens to destroy the lives of all involved.",1936,,93,"['romance', 'drama']",['US'],,tt0028356,7.4,2705.0,3.913,7.3
tm90149,Smash-Up: The Story of a Woman,MOVIE,A nightclub singer uses alcohol in excess to sooth her painful life.,1947,,103,"['drama', 'music', 'romance']",['US'],,tt0039840,6.4,1489.0,2.302,6.0
tm4412,Submarine Warfare,MOVIE,"In the late 1800's the father of submarines, Mr John Holland, hit upon the idea of powering a submarine with an internal combustion engine and an electric motor. For over a hundred years, since the first semi-successful attempts during the American Civil War, submarine warfare had been fraught with difficulties and failure. In 1901, the Holland I was launched as the first Royal Navy submarine and submarines have been an integral part of the Navy ever since.",1944,,38,"['war', 'documentation']",['US'],,tt2866350,5.9,9.0,0.6,
tm67825,Impact,MOVIE,"After surviving a murder attempt, an auto magnate goes into hiding so his wife can pay for the crime.",1949,,111,"['thriller', 'crime', 'drama']",['US'],,tt0041503,7.0,3809.0,4.016,6.3
tm5493,The Amazing Mr. X,MOVIE,"On the beach one night, Christine Faber, two years a widow, thinks she hears her late husband Paul calling out of the surf...then meets a tall dark man, Alexis, who seems to know all about such things. After more ghostly manifestations, Christine and younger sister Janet become enmeshed in the eerie artifices of Alexis; but he in turn finds himself manipulated into deeper deviltry than he had in mind...",1948,,78,"['thriller', 'horror']",['US'],,tt0040829,6.4,1789.0,4.024,6.1
tm72394,The Green Hornet,MOVIE,A newspaper publisher and his Korean servant fight crime as vigilantes who pose as a notorious masked gangster and his aide.,1940,,258,"['crime', 'drama', 'family', 'scifi', 'thriller']",['US'],,tt0031394,6.5,609.0,1.164,5.9
tm16924,College,MOVIE,"Brilliant in his studies and dismissive of athletics, Ronald finishes high school at the top of his class. But in college his uptight attitude doesn't win him any points with his sports-loving classmates, and pretty coed Mary ignores him in favor of brutish jock Jeff. Hoping to impress Mary, Ronald makes a buffoon of himself at every sport imaginable.",1927,,66,"['comedy', 'drama', 'sport']",['US'],,tt0017765,7.0,4836.0,5.164,6.8
tm82402,The Devil Bat,MOVIE,"Dr. Carruthers feels bitter at being betrayed by his employers, Heath and Morton, when they became rich as a result of a product he devised. He gains revenge by electrically enlarging bats and sending them out to kill his employers' family members by instilling in the bats a hatred for a particular perfume he has discovered, which he gets his victims to apply before going outdoors. Johnny Layton, a reporter, finally figures out Carruthers is the killer and, after putting the perfume on himself, douses it on Carruthers in the hopes it will get him to give himself away. One of the two is attacked as the giant bat makes one of its screaming, swooping power dives.",1940,,68,"['horror', 'scifi']",['US'],,tt0032390,5.5,3006.0,3.612,5.3
tm158,A Song Is Born,MOVIE,The story of seven scholars in search of an expert to teach them about swing music. They seem to have found the perfect candidate in winsome nightclub singer Honey Swanson. But Honey's gangster boyfriend doesn't want to give her up.,1948,,113,"['music', 'action', 'comedy', 'romance']",['US'],,tt0040820,6.9,2489.0,3.459,6.5
ts55748,What's My Line?,SHOW,"Four panelists must determine guests' occupations - and, in the case of famous guests, while blindfolded, their identity - by asking only ""yes"" or ""no"" questions.",1950,,30,"['reality', 'family']",['US'],18.0,tt1036980,8.6,1563.0,87.392,6.9
tm87277,The Headless Horseman,MOVIE,"The village of Sleepy Hollow is getting ready to greet the new schoolteacher, Ichabod Crane, who is coming from New York. Crane has already heard of the village's legendary ghost, a headless horseman who is said to be searching for the head that he lost in battle. The schoolteacher has barely arrived when he begins to pursue the beautiful young heiress Katrina Van Tassel, angering Abraham Van Brunt, who is courting her. Crane's harsh, small-minded approach to teaching also turns some of the villagers against him. Soon there many who would like to see him leave the village altogether.",1922,,76,"['horror', 'comedy', 'drama']",['US'],,tt0013223,4.9,299.0,0.747,5.5
tm112752,Sherlock Holmes and the Secret Weapon,MOVIE,"In the midst of World War II, Sherlock Holmes rescues the Swiss inventor of a new bomb-sight from the Gestapo and brings him to England, where he shortly falls into the clutches of Professor Moriarty.",1943,,68,"['thriller', 'crime', 'drama']",['US'],,tt0035317,6.5,5948.0,4.593,6.3
tm137796,The Kennel Murder Case,MOVIE,"Philo Vance, accompanied by his prize-losing Scottish terrier, investigates the locked-room murder of a prominent and much-hated collector whose broken Chinese vase provides an important clue.",1933,,73,['crime'],['US'],,tt0024210,6.9,3447.0,2.496,6.3
tm15689,The Woman in Green,MOVIE,"Sherlock Holmes investigates when young women around London turn up murdered, each with a finger severed. Scotland Yard suspects a madman, but Holmes believes the killings to be part of a diabolical plot.",1945,,68,"['thriller', 'crime', 'drama']",['US'],,tt0038259,6.6,6065.0,8.992,6.5
tm15954,Wonder Man,MOVIE,"Boisterous nightclub entertainer Buzzy Bellew was the witness to a murder committed by gangster Ten Grand Jackson. One night, two of Jackson's thugs kill Buzzy and dump his body in the lake at Prospect Park in Brooklyn. Buzzy comes back as a ghost and summons his bookworm twin, Edwin Dingle, to Prospect Park so that he can help the police nail Jackson.",1945,,98,"['fantasy', 'comedy']",['US'],,tt0038260,6.9,2228.0,3.373,6.5
tm131957,At War with the Army,MOVIE,"Two former nightclub partners are now enlisted in the Army. Sergeant Puccinelli ranks above his former partner, Private First Class Korwin. Puccinelli is desperately trying to get transferred from his dull job to active duty overseas. Meanwhile, all Korwin wants is a pass to see his wife and new baby.",1950,,93,"['comedy', 'war']",['US'],,tt0042209,5.5,2373.0,3.857,5.4
tm88605,Fear in the Night,MOVIE,"The dream is unusually vivid: Bank employee Vince Grayson finds himself murdering a man in a sinister octagonal-shaped room lined with mirrors while a mysterious woman breaks into a safe. It is so vivid that Vince suspects it may have really happened. To get the dream off his mind, he goes on a picnic with some relatives. When a thunderstorm forces his party into a nearby mansion, Vince discovers that the bizarre room does exist, and it means nothing but trouble.",1947,,72,"['thriller', 'crime', 'drama']",['US'],,tt0039372,6.4,1549.0,3.838,5.5
tm16906,San Pietro,MOVIE,"This documentary movie is about the battle of San Pietro, a small village in Italy. Over 1,100 US soldiers were killed while trying to take this location, that blocked the way for the Allied forces from the Germans.",1945,,32,"['war', 'documentation']",['US'],,,,,2.659,6.1
tm165392,Becky Sharp,MOVIE,"The first feature length film to use three-strip Technicolor film. Adapted from a play that was adapted from William Makepeace Thackeray's book ""Vanity Fair"", the film looks at the English class system during the Napoleonic Wars era.",1935,,84,"['drama', 'romance', 'war']",['US'],,tt0026104,5.9,1097.0,2.191,5.8
tm163014,Gulliver's Travels,MOVIE,"Gulliver washes ashore on Lilliput and attempts to prevent war between that tiny kingdom and its equally-miniscule rival, Blefiscu, as well as smooth the way for the romance between the Princess and Prince of the opposing lands. In this he is alternately aided and hampered by the Lilliputian town crier and general fussbudget, Gabby. A life-threatening situation develops when the bumbling trio of Blefiscu spies, Sneak, Snoop, and Snitch, manage to steal Gulliver's pistol.",1939,G,76,"['action', 'animation', 'family', 'comedy', 'fantasy', 'romance']",['US'],,tt0031397,6.6,4330.0,5.762,6.3
tm67142,The Inspector General,MOVIE,"An illiterate stooge in a traveling medicine show wanders into a strange town and is picked up on a vagrancy charge. The town's corrupt officials mistake him for the inspector general whom they think is traveling in disguise. Fearing he will discover they've been pocketing tax money, they make several bungled attempts to kill him.",1949,,101,"['romance', 'comedy']",['US'],,tt0041509,6.7,3295.0,3.945,6.4
tm131928,The Vampire Bat,MOVIE,"When the villagers of Klineschloss start dying of blood loss, the town fathers suspect a resurgence of vampirism. While police inspector Karl remains skeptical, scientist Dr. von Niemann cares for the vampire's victims one by one, and suspicion falls on simple-minded Herman Gleib because of his fondness for bats. A blood-thirsty mob hounds Gleib to his death, but the vampire attacks don't stop.",1933,,64,"['horror', 'thriller', 'drama', 'romance', 'scifi']",['US'],,tt0024727,5.7,2558.0,4.216,5.4
tm53436,Svengali,MOVIE,A music maestro uses hypnotism on a young model he meets in Paris to make her both his muse and wife.,1931,,81,"['horror', 'fantasy', 'drama', 'romance', 'scifi']",['US'],,tt0022454,6.8,2027.0,1.237,6.0
tm83000,Pot o' Gold,MOVIE,"Jimmy, the owner of a failed music shop, goes to work with his uncle, the owner of a food factory. Before he gets there, he befriends an Irish family who happens to be his uncle's worst enemy because of their love for music and in-house band who constantly practices. Soon, Jimmy finds himself trying to help the band by getting them gigs and trying to reconcile the family with his uncle.",1941,,86,"['romance', 'comedy']",['US'],,tt0034055,6.0,1745.0,2.255,6.3
tm88304,My Favorite Brunette,MOVIE,"Baby photographer Ronnie Jackson, on death row in San Quentin, tells reporters how he got there: taking care of his private-eye neighbor's office, Ronnie is asked by the irresistible Baroness Montay to find the missing Baron. There follow confusing but sinister doings in a gloomy mansion and a private sanatorium, with every plot twist a parody of thriller cliches.",1947,,87,"['thriller', 'crime', 'romance', 'comedy']",['US'],,tt0039645,6.8,3404.0,3.368,6.8
tm106125,Within Our Gates,MOVIE,"Abandoned by her fiancé, an educated negro woman with a shocking past dedicates herself to helping a near bankrupt school for impoverished negro youths.",1920,,74,"['drama', 'romance']",['US'],,tt0011870,6.4,3098.0,4.79,5.7
tm107014,Way Down East,MOVIE,"A naive country girl is tricked into a sham marriage by a wealthy womanizer, then must rebuild her life despite the taint of having borne a child out of wedlock.",1920,,145,"['romance', 'drama']",['US'],,tt0011841,7.4,5460.0,5.858,7.0
tm115008,Ghosts on the Loose,MOVIE,"The East Side Kids try to fix up a house for newlyweds, but find the place next door ""haunted"" by mysterious men.",1943,,67,"['comedy', 'action', 'thriller']",['US'],,tt0035939,5.0,1367.0,3.019,4.6
tm64701,My Foolish Heart,MOVIE,"After a long absence, Mary Jane visits her schoolfriend Eloise, and Eloise's daughter Ramona. Eloise drinks too much and is unhappily married to Lew Wengler. Eloise falls asleep and remembers her time with her true love, Walt Dreiser, at the beginning of the Second World War. She recalls the events that lead up to her split with Mary Jane, and how Lew married Eloise rather than Mary Jane.",1950,,98,"['drama', 'romance']",['US'],,tt0041672,6.9,1055.0,2.368,7.4
tm89053,Terror by Night,MOVIE,"Holmes and Watson board a passenger train bound from London to Edinburgh, to guard the Star of Rhodesia, an enormous diamond worth a fortune belonging to an elderly woman of wealth; but within the first hour of the trip, the woman's son is murdered and the diamond stolen and any of the passengers in their car could be the killer thief.",1946,,60,"['thriller', 'drama', 'crime']",['US'],,tt0039017,6.8,6070.0,5.282,6.7
tm84810,Till the Clouds Roll By,MOVIE,"Light bio-pic of American Broadway pioneer Jerome Kern, featuring renditions of the famous songs from his musical plays by contemporary stage artists, including a condensed production of his most famous: 'Showboat'.",1946,,132,['music'],['US'],,tt0039035,6.3,2406.0,2.711,5.6
tm83280,King of the Zombies,MOVIE,"During World War II, a small plane somewhere over the Caribbean runs low on fuel and is blown off course by a storm. Guided by a faint radio signal, they crash-land on an island. The passenger, his manservant and the pilot take refuge in a mansion owned by a doctor. The quick-witted yet easily-frightened manservant soon becomes convinced the mansion is haunted by zombies and ghosts.",1941,,67,"['comedy', 'horror']",['US'],,tt0033787,5.2,2206.0,3.763,5.3
tm101000,Our Daily Bread,MOVIE,"John and Mary sims are city-dwellers hit hard by the financial fist of The Depression. Driven by bravery (and sheer desperation) they flee to the country and, with the help of other workers, set up a farming community - a socialist mini-society based upon the teachings of Edward Gallafent. The newborn community suffers many hardships - drought, vicious raccoons and the long arm of the law - but ultimately pull together to reach a bread-based Utopia.",1934,,80,"['romance', 'drama']",['US'],,tt0025610,7.0,1968.0,3.615,7.1
tm105223,Judge Priest,MOVIE,"Judge Priest, a proud Confederate veteran, restores the justice in a small town in the Post-Bellum Kentucky using his common sense and his great sense of humanity.",1934,,80,"['comedy', 'drama', 'romance']",['US'],,tt0025335,6.2,2196.0,2.996,6.5
tm91499,Angel and the Badman,MOVIE,"Notorious shootist and womanizer Quirt Evans' horse collapses as he passes a Quaker family's home. Quirt has been wounded, and the kindly family takes him in to nurse him back to health against the advice of others. The handsome Evans quickly attracts the affections of their beautiful daughter, Penelope. He develops an affection for the family and their faith, but his troubled past follows him.",1947,,100,"['western', 'romance']",['US'],,tt0039152,6.8,5913.0,5.926,6.5
tm78387,That Uncertain Feeling,MOVIE,A happily married woman sees a psychoanalyst and develops doubts about her husband.,1941,,84,"['romance', 'comedy']",['US'],,tt0034274,6.6,2676.0,2.747,6.6
tm142928,The Emperor Jones,MOVIE,"Unscrupulously ambitious, Brutus Jones escapes from jail after killing a guard and through bluff and bravado he finds himself the emperor of a Caribbean island.",1933,,75,"['drama', 'music']",['US'],,tt0023985,6.4,1077.0,1.946,5.9
tm79455,The Mad Monster,MOVIE,A mad scientist changes his simple-minded handyman into a werewolf in order to prove his supposedly crazy scientific theories - and exact revenge.,1942,,77,"['horror', 'drama', 'romance', 'scifi']",['US'],,tt0035009,3.5,1743.0,3.158,3.2
tm113646,The North Star,MOVIE,A Ukrainian village must suddenly contend with the Nazi invasion of June 1941.,1943,,108,"['drama', 'war', 'romance']",['US'],,tt0036217,5.9,1510.0,2.467,5.9
tm115888,Revolt of the Zombies,MOVIE,"The story is set in Cambodia in the years following WWI. Evil Count Mazovia (Roy D'Arcy) has come into possession of the secret methods by which men can be transformed into walking zombies and uses these unholy powers to create a race of slave laborers. An expedition is sent to the ruins of Angkor Wat, in hopes of ending Mazovia's activities once and for all. Unfortunately, Armand (Dean Jagger), one of the members of the expedition, has his own agenda.",1936,,65,['horror'],['US'],,tt0028174,3.4,1693.0,2.739,3.3
tm64510,Tulsa,MOVIE,"It's Tulsa, Oklahoma at the start of the oil boom and Cherokee Lansing's rancher father is killed in a fight with the Tanner Oil Company. Cherokee plans revenge by bringing in her own wells with the help of oil expert Brad Brady and childhood friend Jim Redbird. When the oil and the money start gushing in, both Brad and Jim want to protect the land but Cherokee has different ideas. What started out as revenge for her father's death has turned into an obsession for wealth and power.",1949,,90,"['drama', 'western', 'romance', 'action']",['US'],,tt0041994,6.2,1197.0,2.557,6.1
tm61710,Africa Screams,MOVIE,"When bookseller Buzz cons Diana into thinking that his friend Stanley knows all there is to know about Africa, they are abducted and ordered to lead Diana and her henchmen to an African tribe in search of a fortune in jewels.",1949,,140,"['comedy', 'action']",['US'],,tt0041098,6.0,3776.0,4.447,6.2
tm4000,Bluebeard,MOVIE,Young female models are being strangled. Will law enforcement be able to stop the crime wave before more women become victims?,1944,,71,"['crime', 'horror', 'thriller']",['US'],,tt0036653,5.9,1892.0,2.089,5.8
tm17323,Captain Kidd,MOVIE,"This unhistorical account of pirate Captain Kidd revolves around treasure and treachery. In 1699, William Kidd, presenting himself as an honest shipmaster, dupes King William III into backing his mission to fight pirates, with a crew of condemned pirates and the promise of pardon.",1945,,90,"['drama', 'history']",['US'],,tt0037576,6.3,1757.0,4.113,6.1
tm14979,Nazi Concentration Camps,MOVIE,"Produced and presented as evidence at the Nuremberg war crimes trial of Hermann Göring and twenty other Nazi leaders, this film consists primarily of dead and surviving prisoners and of facilities used to kill and torture during the World War II.",1945,,59,"['documentation', 'history']",['US'],,tt0247568,8.3,1437.0,4.812,7.8
tm147,A Fool There Was,MOVIE,"John Schuyler, a happily married lawyer, is appointed diplomat and sent to England; But, due to an unfortunate accident, his wife and child can not come along with him. On the ship to England, Schuyler meets the notorious Vampire-- A relentless gold-digger who causes the moral degradation of those she seduces, first fascinating and then draining the very life from her victims.",1915,,67,['drama'],['US'],,tt0005339,5.7,920.0,1.5,5.3
tm113731,Come and Get It,MOVIE,"An ambitious lumberjack abandons his saloon girl lover so that he can marry into wealth, but years later becomes infatuated with the woman's daughter.",1936,,99,"['romance', 'drama']",['US'],,tt0027459,6.9,2094.0,2.138,6.7
tm75528,Tarzan of the Apes,MOVIE,"A female ape takes to mothering the orphaned boy (Tarzan) and raises him over the course of many years until a rescue mission is finally launched and the search party combs the jungle for the long-time missing Lord Greystoke. But then, one of the search members, Jane Porter, gets separated from the group and comes face to face with fearsome wild animals. Tarzan saves her from harm just in the knick of time and love begins to blossom.",1918,,60,['action'],['US'],,tt0009682,5.8,819.0,1.849,5.1
tm59440,Riders of the Whistling Pines,MOVIE,"While trailing Forest Ranger Charles Carter, who is suspected of permitting lumber man Henry Mitchell to cut restricted timber, Gene fires at a dangerous mountain lion and apparently kills Carter. Actually, Bill Wright, Mitchell's associate, killed Carter because the ranger had discovered tussock moth infestation in the forest, and if the infestation was not reported, the trees would die and have to be cut, thereby profiting Mitchell and Wright. In order to compensate the best he can, Gene sells his sportsman's camp and gives the money to Carter's daughter Helen . En route to Texas, Gene discovers the infestation and is assigned by the Forest Department to supervise the program of spraying the area with DDT from the air. After the first day of spraying, the DDT is blamed by furious stock men for the many animals found dead of poisoning.",1949,,70,"['western', 'music', 'action']",['US'],,tt0041809,5.7,208.0,0.6,5.0
tm116645,The Woman of the Town,MOVIE,"Originally, producer Harry Sherman's Woman of the Town was slated for Paramount release, but that studio was overloaded with product, so the film was deferred to United Artists. Nonetheless, the finished product has the ""look"" of a Paramount, right down to the presence of character actor Albert Dekker in a leading role. Dekker plays Bat Masterson, who after failing to secure a job as a newspaper reporter becomes marshal of Dodge City. Preferring socializing to peacekeeping, Masterson falls in love with Dora Hand (Claire Trevor), the obligatory golden-hearted chorus girl whose concern for the welfare of her fellow citizens at time reaches Madonna-like dimensions. When Dora is shot down cattle baron King Kennedy (Barry Sullivan), Masterson begins taking his job seriously. After taking care of Kennedy, Masterson determines to enshrine the memory of Dora, whose efforts to clean up Dodge City were largely ignored by the ""decent"" townsfolk.",1943,,90,"['western', 'romance', 'action']",['US'],,tt0037470,6.1,183.0,0.963,6.0
tm82159,Bowery at Midnight,MOVIE,Soup kitchen operator and criminologist Bela Lugosi operates a soup kitchen as a front for a criminal gang who commit a series of robberies and murders.,1942,,61,"['horror', 'crime', 'thriller']",['US'],,tt0034546,5.3,1113.0,3.302,5.4
tm91623,Dressed to Kill,MOVIE,"A convicted thief in Dartmoor prison hides the location of the stolen Bank of England printing plates inside three music boxes. When the innocent purchasers of the boxes start to be murdered, Holmes and Watson investigate.",1946,,72,['crime'],['US'],,tt0038494,6.8,6050.0,5.978,6.6
tm115641,Little Lord Fauntleroy,MOVIE,"An American boy turns out to be the heir of a wealthy British earl. He is sent to live with the irritable and unsentimental aristocrat, his grandfather.",1936,,102,"['drama', 'family']",['US'],,tt0027893,7.2,2132.0,5.27,6.9
tm106886,The Last of the Mohicans,MOVIE,"As Alice and Cora Munro attempt to find their father, a British officer in the French and Indian War, they are set upon by French soldiers and their cohorts, Huron tribesmen led by the evil Magua. Fighting to rescue the women are Chingachgook and his son Uncas, the last of the Mohican tribe, and their white ally, the frontiersman Natty Bumppo, known as Hawkeye.",1920,,73,"['drama', 'romance', 'war', 'action']",['US'],,tt0011387,6.7,1275.0,2.591,6.4
tm105675,Sex,MOVIE,"Adrienne, the queen of the Frivolity Theater, is a self-centered vamp who steals other women's husbands. Her current conquest is Phillip Overman, and when Overman's wife pleads with the vamp to free her husband, Adrienne turns a deaf ear. Daisy, a chorine, is shocked by her colleague's callousness, but Adrienne asserts that she is only being practical. When she meets Pittsburgh millionaire Dave Wallace, Adrienne falls in love and casts Overman aside. Soon after their marriage, Adrienne learns that her husband is having an affair with Daisy, who is now the reigning queen of Broadway. She pleads with Daisy to release her husband, who responds by repeating the philosophy that Adrienne had given her. Despondently boarding a boat bound for Europe, Adrienne sees the Overmans, who are now happily reunited, and realizes the shallowness of her life.",1920,,87,"['drama', 'crime']",['US'],,tt0322220,5.9,309.0,0.982,6.1
tm10223,The Iron Mask,MOVIE,"King Louis XIII of France is thrilled to have born to him a son - an heir to the throne. But when the queen delivers a twin, Cardinal Richelieu sees the second son as a potential for revolution, and has him sent off to Spain to be raised in secret to ensure a peaceful future for France. Alas, keeping the secret means sending Constance, lover of D'Artagnan, off to a convent. D'Artagnan hears of this and rallies the Musketeers in a bid to rescue her. Unfortunately, Richelieu out-smarts the Musketeers and banishes them forever.",1929,,103,"['action', 'drama', 'history', 'romance']",['US'],,tt0020030,7.0,1272.0,2.273,6.9
tm127645,The Black Pirate,MOVIE,"A nobleman vows to avenge the death of his father at the hands of pirates. To this end he infiltrates the pirate band. Acting in character he is instrumental in the capture of a ship, but things are complicated when he finds that there is a young woman on board whom he wishes to protect from the threat of rape.",1926,,94,"['drama', 'action']",['US'],,tt0016654,7.1,1892.0,4.019,6.9
tm53734,Air Eagles,MOVIE,"Two former WWI aces from opposite sides, Bill Ramsey and Otto Shumann, in the best tradition of Eddie Rickenbacker and the Red Baron, barnstorm their way across the Poverty Row skies of middle-America while competing for daredevil honors and the favors of the lovely Eve.",1931,,72,"['romance', 'drama', 'action', 'crime']",['US'],,tt0021591,4.8,63.0,1.341,
tm5761,Enchantment,MOVIE,"Roland Dane finally retires to the house he was brought up in. Lost in thoughts of his lost love Lark, he does not want to be disturbed in his last days. However, the appearance of his niece and her subsequent romance with Lark's nephew causes him to reevaluate his life and offer some advice so the young couple doesn't make the same mistake he did, all those years ago.",1948,,100,"['romance', 'drama']",['US'],,tt0040321,7.2,1199.0,2.231,6.5
tm78612,Spooks Run Wild,MOVIE,A group of delinquents on their way to summer camp get stuck in a haunted house.,1941,,65,"['horror', 'comedy']",['US'],,tt0034224,5.4,1700.0,1.515,5.1
tm64369,"Swing High, Swing Low",MOVIE,"In Panama, Maggie King meets soldier Skid Johnson on his last day in the army and reluctantly agrees to a date to celebrate. The two become involved in a nightclub brawl which causes Maggie to miss her ship back to the States. Now stranded, she's forced to move in with Skid and his pal Harry. She soon falls in love with Skid. Skid gets a job playing the trumpet at a local club and becomes a big success. Fame and fortune go to his head which eventually destroys his relationship Maggie and his career.",1937,,92,"['drama', 'music', 'romance', 'comedy']",['US'],,tt0029626,6.2,755.0,2.363,5.0
tm89501,Scared to Death,MOVIE,"A woman is married to the son of a doctor, the proprietor of a private sanatorium, where she is under unwilling treatment. Both the son and the doctor indicate they want the marriage dissolved. Arriving at the scene is a mysterious personage identified as the doctor's brother who formerly was a stage magician in Europe. He is accompanied by a threatening dwarf...",1947,,65,"['thriller', 'horror']",['US'],,tt0039800,4.0,1605.0,1.372,4.2
tm154,Alice in Wonderland,MOVIE,Alice goes with her sister to a picnic and then she falls asleep and starts dreaming about a wonderland full of talking animals and walking playing cards.,1915,,59,"['fantasy', 'family']",['US'],,tt0004873,6.2,510.0,2.531,5.7
tm3491,The Animal Kingdom,MOVIE,"Tom Collier has had a great relationship with Daisy, but when he decides to marry, it is not Daisy whom he asks, it is Cecelia. After the marriage, Tom is bored with the social scene and the obligations of his life. He publishes books that will sell, not books that he wants to write. Even worse, he has his old friend working as a butler and Cecelia wants him fired. When Tom tries to get back together with Daisy to renew the feelings that he once felt, Daisy turns the tables on him and leaves to protect both of them.  Remade in 1946 as One More Tomorrow.",1932,,85,"['drama', 'comedy', 'romance']",['US'],,tt0022628,6.4,1121.0,2.532,6.3
tm7350,Glorifying the American Girl,MOVIE,"A young woman, who wants to be in the Follies, is making ends meet by working at a department store's sheet music department, where she sings the latest hits. She is accompanied on piano by her childhood boyfriend, who is in love with her, despite her single-minded interest in her career. When a vaudeville performer asks her to join him as his new partner, she sees it as an opportunity to make her dream come true. Upon arriving in New York City, our heroine finds out that her new partner is only interested in sleeping with her and makes this a condition of making her a star. Soon, however, she is discovered by a representative of Ziegfeld.",1929,,95,"['music', 'comedy', 'drama']",['US'],,tt0019933,5.8,717.0,2.303,5.7
tm115793,Lady of Burlesque,MOVIE,"After one member of their group is murdered, the performers at a burlesque house must work together to find out who the killer is before they strike again.",1943,,91,"['romance', 'comedy', 'music']",['US'],,tt0036094,6.3,2397.0,3.87,5.4
tm134133,Tarzan the Fearless,MOVIE,"Mary Brooks' father, who has been studying ancient tribes, falls into the hands of ""the people of Zar, god of the Emerald Fingers."" Tarzan helps Mary locate her father, rescues everyone from the High Priest of Zar, and takes Mary to his cave.",1933,PG,228,"['action', 'romance', 'family']",['US'],,tt0024645,4.9,711.0,1.795,3.6
tm162999,The Gorilla,MOVIE,"When an escaped circus gorilla appears to have gone on a murderous rampage, a threatened attorney calls on the detective trio of Garrity, Harrigan and Mullivan to act as bodyguards.  In short order, we discover that there is more to the attorney than meets the eye, and the ape may be innocent after all.  When a pretty young heiress faces peril, it's up to our heroic trio to save the day.",1939,,68,"['thriller', 'comedy', 'horror']",['US'],,tt0031387,4.8,1458.0,2.64,4.9
tm116740,Why We Fight: The Nazis Strike,MOVIE,The second film of Frank Capra's Why We Fight propaganda film series. It introduces Germany as a nation whose aggressive ambitions began in 1863 with Otto von Bismarck and the Nazis as its latest incarnation.,1943,,42,"['war', 'documentation', 'history']",['US'],,tt11100536,7.0,770.0,2.635,6.8
tm107305,Gung Ho!,MOVIE,"A true-life epic that revolves around an exclusive bataillon of the U.S. Marine Corps during World War II, ""Carlson's Raiders,"" whose assignment is to take control of a South Pacific island once possessed by the United States but now under Japanese command.",1943,,88,"['drama', 'war', 'history']",['US'],,tt0035958,6.0,1441.0,3.528,5.0
tm164439,Hop-a-long Cassidy,MOVIE,"An evil ranch foreman tries to provoke a range war by playing two cattlemen against each other while helping a gang to rustle the cattle. Each cattleman blames the other for missing cattle. With the help of Bill Cassidy (Hop-along, because of an earlier bullet wound) and Johnny Nelson, the warring cattlemen join forces to do in the outlaws.",1935,,60,"['western', 'action', 'drama']",['US'],,tt0026493,6.8,349.0,0.621,5.0
tm4237,The Cheat,MOVIE,"A venal, spoiled stockbroker's wife impulsively embezzles $10,000 from the charity she chairs and desperately turns to a Burmese ivory trader to replace the stolen money.",1915,,59,"['drama', 'romance']",['US'],,tt0005078,6.5,2549.0,3.611,6.0
tm64700,Three Came Home,MOVIE,"Borneo, 1941, during World War II. When the Japanese occupy the island, American writer Agnes Newton Keith is separated from her husband and imprisoned with her son in a prison camp run by the enigmatic Colonel Suga.",1950,,106,"['drama', 'war']",['US'],,tt0043041,7.3,1871.0,2.421,6.8
tm110834,Yellowstone,MOVIE,Murder mystery set in Yellowstone National Park.,1936,,63,"['drama', 'crime', 'romance', 'action']",['US'],,tt0028523,5.3,142.0,2.729,5.0
tm101797,Blue Steel,MOVIE,"When Sheriff Jake sees a man at the safe and then finds the payroll gone, he trails him. Just as he is about to arrest him, the man saves his life. Still suspicious, he joins up with the man and later they learn that Melgrove, the towns leading citizen, is trying to take over the area's ranches by having his gang stop all incoming supply wagons. With the ranchers about to sell to Melgrove, the two newcomers say they will bring in provisions.",1934,,59,"['western', 'drama', 'action']",['US'],,tt0024902,5.3,1586.0,4.457,4.9
tm161889,Nancy Drew... Reporter,MOVIE,"While participating in a contest at a local newspaper in which school children are asked to submit a news story, local attorney Carson Drew's daughter Nancy intercepts a real story assignment. She ""covers"" the inquest of the death of a woman who was poisoned. Nancy doesn't think the young woman accused of the crime is guilty and corrals her neighbor Ted into searching for a vital piece of evidence and stumbles onto the identity of the real killer.",1939,,68,"['comedy', 'crime', 'family']",['US'],,tt0031709,6.6,1193.0,3.304,6.3
tm4086,One Body Too Many,MOVIE,"An insurance salesman, Albert Tuttle, is hired as a body guard for a millionaire.",1944,,75,"['thriller', 'comedy', 'horror']",['US'],,tt0037151,5.3,1227.0,1.386,5.2
tm129565,Sparrows,MOVIE,"Molly, the eldest child of a group of orphans being used as slaves on a farm hidden deep in a swamp, must rescue the others when their cruel master decides that one of them will be disposed of.",1926,,84,['drama'],['US'],,tt0017423,7.4,1334.0,2.143,7.3
tm4401,Hollow Triumph,MOVIE,"Pursued by the big-time gambler he robbed, John Muller assumes a new identity—with unfortunate results.",1950,,90,"['thriller', 'crime', 'drama']",['US'],,tt0040444,6.7,2764.0,3.899,6.5
tm90223,Dishonored Lady,MOVIE,"Art editor Madeleine Damian carries on numerous loveless affairs. After a failed relationship with advertiser Felix Courtland, the increasingly depressed Madeleine attempts suicide. When Jack Garet, her secretary and former lover, tries to blackmail her, Madeleine resigns and seeks a reclusive life. Neighbor David Cousins befriends Madeleine, but soon Courtland and Garet discover her whereabouts and disrupt her new life.",1947,,85,"['drama', 'crime']",['US'],,tt0039324,6.4,1384.0,1.995,5.6
tm66273,The Second Woman,MOVIE,"In flashback from a 'Rebecca'-style beginning: Ellen Foster, visiting her aunt on the California coast, meets neighbor Jeff Cohalan and his ultramodern clifftop house. Ellen is strongly attracted to Jeff, who's being plagued by unexplainable accidents, major and minor. Bad luck, persecution...or paranoia? Warned that Jeff could be dangerous, Ellen fears that he's in danger, as the menacing atmosphere darkens.",1950,,91,"['drama', 'romance']",['US'],,tt0044013,6.3,1209.0,3.21,5.7
tm90019,Topper Returns,MOVIE,"Topper is once again tormented by a fun-loving spirit. This time, it's Gail Richards, who was accidentally murdered while vacationing at the home of her wealthy friend, Ann Carrington (Landis), the intended victim. With Topper's help, Gail sets out to find her killer with the expected zany results.",1941,,88,"['romance', 'comedy', 'fantasy']",['US'],,tt0034303,6.8,3012.0,3.38,6.5
tm58781,Quicksand,MOVIE,"Young auto mechanic Dan Brady takes $20 from a cash register at work to go on a date with blonde femme fatale Vera Novak. Brady intends to put the money back before it is missed, but the garage's bookkeeper shows up earlier than scheduled. As Brady scrambles to cover evidence of his petty theft, he fast finds himself drawn into an ever worsening ""quicksand"" of crime.",1950,,79,"['romance', 'drama', 'crime']",['US'],,tt0042869,6.6,2368.0,3.571,6.1
tm4826,The Death Kiss,MOVIE,"When a movie actor is shot and killed during production, the true feelings about the actor begin to surface. As the studio heads worry about negative publicity, one of the writers tags along as the killing is investigated and clues begin to surface.",1932,,75,"['comedy', 'drama', 'romance', 'crime']",['US'],,tt0023935,6.0,1127.0,3.951,4.8
tm110938,The Ape Man,MOVIE,A scientist is turned into an ape man.,1943,G,64,"['horror', 'drama', 'scifi', 'thriller', 'action']",['US'],,tt0035640,4.4,1315.0,3.207,4.2
tm64321,The Amazing Quest of Ernest Bliss,MOVIE,A bored millionaire wagers his doctor that he can support himself at a working class job for year without touching his inheritance.,1936,,80,"['romance', 'drama', 'comedy']",['GB'],,tt0027286,6.2,1860.0,2.021,7.1
tm63937,The Great Rupert,MOVIE,"Shortly before Christmas, a family moves into an apartment where Rupert the squirrel lives in the attic rafters. Just as it seems that the holiday will come and go without so much as a Christmas tree, Rupert acts as the family's guardian angel - not only saving Christmas, but changing their lives forever.",1950,,88,"['comedy', 'family']",['US'],,tt0042524,6.5,1228.0,1.988,5.9
tm163415,They Made Me a Criminal,MOVIE,"A boxer flees, believing he has committed a murder while he was drunk.",1939,,92,"['drama', 'crime', 'sport']",['US'],,tt0032022,6.8,2300.0,3.074,6.3
tm101294,Midnight,MOVIE,"Jury foreman Edward Weldon's questioning leads to the death sentence for Ethel Saxon. His daughter Stella claims to have killed her lover, the gangster Garboni, just as Saxon was to sit in the electric chair.",1934,,76,"['crime', 'drama', 'romance']",['US'],,tt0025499,5.5,970.0,2.994,5.2
tm18496,The Great Flamarion,MOVIE,A beautiful but unscrupulous female performer manipulates all the men in her life in order to achieve her aims.,1945,,78,"['drama', 'romance', 'thriller']",['US'],,tt0037749,6.5,1228.0,2.737,6.2
tm222549,The Driftin' Kid,MOVIE,"In this western, the good-guy battles his bad-guy double and his band of outlaws to protect a purty gal's ranch.",1941,,57,"['western', 'action']",['US'],,tt0033559,6.0,33.0,0.6,
tm101627,The Return Of Chandu,MOVIE,"The cult of Ubasti, headquartered on the isle of Lemuria, believes that Princess Nadji of Egypt is a reincarnation of their long-dead goddess, Ossana, and intend to sacrifice her so that Ossana may be resurrected. Nadji has sought refuge at the California home of Frank Chandler, an American educated in the Ancient East and familiar with White Magic and thus calls himself ""Chandu"". Vindhyan, high priest of the cult's California base has learned of this, however, and works his Black Magic to gain control of Nadji. Chandu is able to rescue her but she is in a deep trance which he cannot penetrate, so attempts to move her to safety in the South Seas, unaware that the cult has a base there also and that Vindhyan has stowed aboard his chartered yacht.  One of two feature films edited from the same-title, same-year movie serial, this one is comprised of the first four chapters simply edited together.",1934,,60,"['fantasy', 'family', 'horror']",['US'],,tt0025713,5.9,359.0,0.6,
tm156395,Suicide Squad,MOVIE,"Larry Baker is a young fireman whose daring exploits have led him to receiving a lot of newspaper publicity which goes to his head. His sweetheart, Mary O'Connor, and fire-department friends begin to shun him as they think he is just a publicity hound. But a daring rescue of Mary and her younger brother, Mickey, from a blazing inferno shows him to be more than just a publicity-chaser and, now, a real hero to all.",1935,,56,"['romance', 'action', 'drama']",['US'],,tt0027057,4.2,127.0,1.469,8.3
tm110555,Stage Door Canteen,MOVIE,"A young soldier on a pass in New York City visits the famed Stage Door Canteen, where famous stars of the theater and films appear and host a recreational center for servicemen during the war. The soldier meets a pretty young hostess and they enjoy the many entertainers and a growing romance",1943,,132,"['comedy', 'war', 'romance']",['US'],,tt0036384,6.3,1671.0,3.045,6.2
tm73705,The Corpse Vanishes,MOVIE,"A scientist keeps his wife young by killing, stealing the bodies of, and taking the gland fluid from virgin brides. He's aided by an old hag, her two sons - a brutish moron, and a malicious dwarf - in his twisted crimes.  A woman reporter, investigating the mystery of the vanishing brides' bodies, accesses his home and discovers the horrid secrets held by the cavernous basement of his house.",1942,,64,"['scifi', 'horror']",['US'],,tt0034613,4.5,3174.0,4.166,4.1
tm76780,Black Dragons,MOVIE,"It is prior to the commencement of World War II, and Japan's fiendish Black Dragon Society is hatching an evil plot with the Nazis. They instruct a brilliant scientist, Dr. Melcher, to travel to Japan on a secret mission. There he operates on six Japanese conspirators, transforming them to resemble six American leaders. The actual leaders are murdered and replaced with their likeness.",1942,,64,"['horror', 'war', 'thriller']",['US'],,tt0034521,4.2,1129.0,2.061,5.5
tm87549,The Gang's All Here,MOVIE,"Two friends take jobs as truck drivers, unaware that the trucking company is being targeted by a gang of saboteurs who will stop at nothing, including murder, to stop them.",1941,,61,"['comedy', 'action']",['US'],,tt0033646,5.4,180.0,1.936,5.1
tm70023,Beyond Tomorrow,MOVIE,The ghosts of three elderly industrialists killed in an airplane crash return to Earth to help reunite a young couple whom they initially brought together.,1940,,84,"['fantasy', 'romance', 'drama']",['US'],,tt0032247,6.5,1847.0,2.241,6.0
tm2363,A Florida Enchantment,MOVIE,"A young woman discovers a seed that can make women act like men and men act like women. She decides to take one, then slips one to her maid and another to her fiancé. The fun begins.",1914,,63,"['fantasy', 'comedy']",['US'],,tt0003973,5.8,251.0,1.282,4.4
tm6305,The Babe Ruth Story,MOVIE,The baseball player (William Bendix) goes from wayward youth to Boston Red Sox pitcher to New York Yankees home-run hero.,1948,,106,"['drama', 'family', 'sport']",['US'],,tt0040142,5.2,1072.0,1.96,5.6
tm116534,Why We Fight: The Battle of Russia,MOVIE,"The fifth film of Frank Capra's Why We Fight propaganda film series, revealing the nature and process of the fight between the Soviet Union and Germany in the Second World War.",1943,,83,"['documentation', 'war', 'history']",['US'],,tt11091606,7.1,1459.0,2.549,7.0
tm7637,Bulldog Drummond,MOVIE,Hugh 'Bulldog' Drummond is a British WWI veteran who longs for some excitement after he returns to the humdrum existence of civilian life. He gets what he's looking for when a girl requests his help in freeing her uncle from a nursing home. She believes the home is just a front and that her uncle is really being held captive while the culprits try to extort his fortune from him.,1929,,90,"['thriller', 'crime', 'drama']",['US'],,tt0019735,6.3,1044.0,2.017,6.5
tm147347,The Eagle,MOVIE,"Vladimir Dubrouvsky, a lieutenant in the Russian army, catches the eye of Czarina Catherine II. He spurns her advances and flees, and she puts out a warrant for his arrest, dead or alive. Vladimir learns that his father's lands have been taken by the evil Kyrilla Troekouroff, and his father dies. He dons a black mask, and becomes the outlaw The Black Eagle. He enters the Troekouroff household disguised as a French instructor for Kyrilla's daughter Mascha. He is after vengeance, but instead falls in love with Mascha.",1925,,73,"['romance', 'drama', 'history', 'action', 'comedy', 'european']",['US'],,tt0015772,6.6,2012.0,3.318,6.5
tm86688,Whistle Stop,MOVIE,"When beautiful Mary returns to her ""whistle stop"" home town, long-standing feelings of animosity between two of her old boyfriends leads to robbery and murder.",1946,,85,"['drama', 'crime']",['US'],,tt0039101,5.5,1159.0,2.128,4.6
tm5668,Eyes of Texas,MOVIE,A ranch owner (Francis Ford) turns his place into a home for boys who have lost their fathers in World War II. His evil female lawyer (Nana Bryant) covets the ranch and works in cahoots with Ford's long-lost nephew and a pack of killer dogs to get it. U.S. Marshal Roy Rogers puts an end to her plans.,1948,G,70,['western'],['US'],,tt0040333,6.3,152.0,0.887,6.0
tm1521,'Neath the Arizona Skies,MOVIE,"Chris Morrell, the guardian of half-Indian girl Nina, is helping her find her missing white father. so she can cash in on her late mother's oil lease. Outlaw Sam Black is after the girl and her father as well. Besides dealing with the Black gang, Morrell has to find another robber, Jim Moore, who switches clothes with him after he finds Chris unconscious from a fight with Sam Black. Along the way, he meets a lady who's the sister of Jim Moore, another bad hombre who's in cahoots with Jim Moore, and an old friend who takes in Nina and helps Chris locate Nina's father and fight off the various desperadoes",1934,,52,"['western', 'romance', 'action']",['US'],,tt0024805,5.1,997.0,3.69,4.6
tm52591,Millie,MOVIE,"Millie Blake is very careful about picking her husband, but that is no guarantee that a marriage will turn out well, nor that she will.",1931,,85,"['drama', 'romance']",['US'],,tt0022149,6.2,717.0,2.21,6.3
tm82883,Target for Tonight,MOVIE,Footage of the actual planning and execution of a bombing raid on Germany.,1941,,48,"['documentation', 'war', 'drama']",['GB'],,tt0121791,6.3,352.0,0.61,6.0
tm66818,The Capture,MOVIE,A badly injured fugitive explains to a priest how he came to be in his present predicament.,1950,,91,"['drama', 'action', 'western', 'crime']",['US'],,tt0042313,5.9,536.0,2.01,5.5
tm348410,Attack in the Pacific,MOVIE,Part of a a video series that documents the fighting between the United States and Imperial Japan during and immediately after World War II.,1944,,52,"['war', 'documentation', 'history']",['US'],,tt0276783,6.5,62.0,0.6,
tm5079,Under California Stars,MOVIE,"When Roy and Trigger arrive at his ranch he finds Cookie has hired his relatives. Caroline, the only relative that doesn't have a strong resemblance to Cookie, is the horse trainer. Bob Tells Roy a gang of men are hunting range horses. Roy puts a stop to hunting on his land. Pop decides there's money in kidnapping Trigger and demands a $100,000 ransom. McFarland's stepson, Ted, and his dog Tramp, run away and is found hiding in Roy's barn. A trap is set to catch the kidnappers ranch.",1948,,70,"['western', 'action', 'music', 'comedy']",['US'],,tt0040915,5.6,320.0,1.228,5.1
tm110773,Report from the Aleutians,MOVIE,"A documentary propaganda film produced by the U.S. Army Signal Corps about the Aleutian Islands Campaign during World War II. The film opens with a map showing the strategic importance of the island, and the thrust of the 1942 Japanese offensive into Midway and Dutch Harbor. Nominated for the Academy Award for Best Documentary Feature.",1943,,47,"['documentation', 'history', 'war']",['US'],,tt11095582,6.4,631.0,1.287,6.0
tm2767,The Marriage Circle,MOVIE,"Professor Stock and his wife Mizzi are uhappily married. The professor, suspicious of his wife, hires a detective to spy on her in hopes of obtaining a divorce. Mizzi sets her sights on seducing Dr. Franz Braun, the new husband of her good friend Charlotte. Dr. Braun's colleague, Dr. Mueller, who has his eye on Charlotte, sees this as his opportunity. Through a misunderstanding, Charlotte thinks that her husband is interested in Miss Hofer, and asks Mizzi to keep him occupied... around and around the circle goes in Lubitsch's refined comedy of mistaken infidelity.",1924,,85,"['comedy', 'romance']",['US'],,tt0015119,7.1,1264.0,1.522,6.4
tm7057,Loaded Pistols,MOVIE,A singing cowboy clears a boy accused of murder by finding the real killer.,1948,,78,['western'],['US'],,tt0041793,5.9,139.0,1.466,4.0
tm165135,Scrooge,MOVIE,"Ebenezer Scrooge, the ultimate Victorian miser, hasn't a good word for Christmas, though his impoverished clerk Cratchit and nephew Fred are full of holiday spirit. In the night, Scrooge is visited by spirits of the past, present, and future.",1935,,78,"['drama', 'family', 'fantasy']",['GB'],,tt0026972,6.5,2271.0,2.061,6.1
tm69475,Hoosier Schoolboy,MOVIE,A schoolteacher comes to a new town and finds herself caught up in the town's problems and disputes.,1937,,62,['drama'],['US'],,tt0029019,5.6,180.0,0.893,6.0
tm82769,Invisible Ghost,MOVIE,"The town's leading citizen is a man victim of homicidal impulses beyond his control. He is being controlled by his wife who had left him for another man. She was involved in a car accident that has left her brain damaged and is kept in the basement, in secret, by Kessler's gardener.",1941,,63,"['thriller', 'crime', 'drama', 'horror']",['US'],,tt0033760,5.2,2188.0,3.565,5.4
tm73200,Li'l Abner,MOVIE,"Li'l Abner becomes convinced that he is going to die within twenty-four hours, so agrees to marry two different girls: Daisy Mae (who has chased him for years) and Wendy Wilecat (who rescued him from an angry mob). It is all settled at the Sadie Hawkins Day race.",1940,G,78,"['comedy', 'romance']",['US'],,tt0032703,4.9,457.0,3.424,8.5
tm112306,The Crystal Ball,MOVIE,A young woman pretends to be a fortune teller in order to find romance.,1943,,81,"['comedy', 'romance']",['US'],,tt0035771,6.5,719.0,1.67,5.8
tm81951,Hearts of the World,MOVIE,"A group of youngsters grow up and love in a peaceful French village. But war intrudes and peace is shattered. The German army invades and occupies village, bringing both destruction and torture. The young people of the village resist, some successfully, others tragically, until French troops retake the town.",1918,,117,"['drama', 'war']",['US'],,tt0009150,6.6,999.0,0.912,6.0
tm100065,Blind Husbands,MOVIE,An Austrian military officer and rogue attempts to seduce the wife of a surgeon. The two men confront each other in a test of abilities that ends surprisingly.,1919,,89,"['drama', 'romance']",['US'],,tt0009937,6.9,1538.0,1.585,6.3
tm20308,"Salome, Where She Danced",MOVIE,"During the Austrian-Prussian war, Anna Marie is a dancer who is forced to flee her country after she is accused of being a spy. She ends up in a lawless western town in Arizona, where she uses her charms and dancing skills to transform herself into ""Salome"" during her dance routines.",1945,PG-13,90,"['drama', 'western', 'war', 'music', 'romance']",['US'],,tt0038046,5.4,318.0,2.405,3.3
tm76311,Tom Brown's School Days,MOVIE,"When private tutor Thomas Arnold (Sir Cedric Hardwicke) becomes headmaster at Rugby, a boy's preparatory school in England, he puts into place a policy of strict punishment for unruliness and bulying. Arnold finds an ally in Tom Brown (Jimmy Lydon), a new student who is subjected to hazing and abuse by a group of older boys and is pressured by his friends to keep quiet about it. Fed up, he leads his fellow classmates in an underground rebellion against their tormentors. But certain unspoken rules still apply at the school and Brown loses his hero status when he is accussed of breaking the Rugby code of silence.",1940,,86,['drama'],['US'],,tt0033169,6.6,490.0,2.649,7.8
tm163483,Chandu on the Magic Island,MOVIE,"The second of two feature films edited from the movie serial The Return Of Chandu (1934), comprised of footage from chapters 5-12:  On the mystic island of Lemuria, the cult of Ubasti seek the Egyptian Princess Nadji to sacrifice so that their goddess Ossana, whose soul resides in Nadji's body, may be resurrected by Black Magic. Nadji is located in the Far East port of Suva, but shielded by the White Magical powers of Frank Chandler, an American raised by Eastern mystics who is also known as Chandu. When Chandu takes a voyage alone, however, the evil Voice of Ubasti is able to magically spirit her to Lemuria, where Black Magic reigns supreme. Chandu sets out in pursuit with his sister Dorothy, niece Betty and nephew Bob; but, shipwrecked on the magic island, Chandu finds his family also held prisoner for sacrifice while he is plunged into an endless maze of caverns beneath the evil temple, where both his mortal and magical strength seem rendered useless...",1935,,70,"['fantasy', 'action']",['US'],,tt0026195,4.4,174.0,1.45,4.8
tm69671,Not Wanted,MOVIE,"After a beautiful but unsophisticated girl is seduced by a worldly piano player and gives up her out-of-wedlock baby, her guilt compels her to kidnap another child.",1949,,91,['drama'],['US'],,tt0041700,6.8,708.0,2.052,6.9
tm7600,Billy The Kid Returns,MOVIE,"After Pat Garrett kills Billy the Kid, Billy's look-alike Roy Rogers arrives and is mistaken for him. Although a murderer, Billy was on the side of the homesteaders against the large ranchers. As Billy's death is unknown, Roy gets Garrett to let him pose as Billy to continue the fight, but without the killing.",1938,G,53,"['western', 'music', 'romance', 'comedy', 'action']",['US'],,tt0029915,5.8,271.0,2.031,5.3
tm5096,Blonde Ice,MOVIE,"A golddigging femme fatale leaves a trail of men behind her, rich and poor, alive and dead.",1948,,73,"['drama', 'romance', 'crime']",['US'],,tt0041187,6.0,1080.0,1.69,5.6
tm89848,Robin Hood of the Pecos,MOVIE,"Robin Hood of the Pecos is a 1941 American film starring Roy Rogers and directed by Joseph Kane. Following the Civil War, the South still faced many dangers not the least of which were the armies of carpetbaggers that descended on impoverished towns, intent on making a fast greenback at the expense of the local populace.",1941,,59,"['western', 'comedy', 'music']",['US'],,tt0034120,5.9,191.0,0.688,
tm56124,High Lonesome,MOVIE,"When a sudden spurt of murders occurs in the Big Bend country, suspicion immediately falls on a young drifter who just moved to the area.",1950,PG,81,['western'],['US'],,tt0042552,5.3,244.0,1.932,5.1
tm85884,Angel on My Shoulder,MOVIE,The Devil arranges for a deceased gangster to return to Earth as a well-respected judge to make up for his previous life.,1946,,100,"['fantasy', 'comedy', 'romance']",['US'],,tt0038300,6.8,2762.0,2.289,6.1
tm4603,The Princess and the Pirate,MOVIE,"Princess Margaret is travelling incognito to elope with her true love instead of marrying the man her father has betrothed her to. On the high seas, her ship is attacked by pirates who know her identity and plan to kidnap her and hold her for a king's ransom.",1944,,94,"['action', 'comedy', 'romance']",['US'],,tt0037193,6.8,2179.0,2.78,6.6
tm57795,The Stolen Jools,MOVIE,Famous actress Norma Shearer's jewels are stolen… (Star-packed promotional short film intended to raise funds for the National Variety Artists Tuberculosis Sanatorium.),1931,,20,['comedy'],['US'],,,,,2.892,5.7
tm109893,City Without Men,MOVIE,"A young woman's husband has been imprisoned for a crime he didn't commit. In order to be near him to try to help him get his sentence overturned, she moves into a boardinghouse near the prison whose residents are the wives of inmates.",1943,,75,"['drama', 'crime']",['US'],,tt0035740,5.3,128.0,1.726,5.0
tm3364,Up in Arms,MOVIE,Hypochondriac Danny Weems gets drafted and accidentally smuggles his girlfriend aboard his Pacific-bound troopship.,1944,,105,"['drama', 'romance', 'comedy', 'war']",['US'],,tt0037420,6.3,983.0,1.328,7.0
tm7457,The Terror of Tiny Town,MOVIE,"Using a conventional Western story with an all dwarf cast, the filmmakers were able to showcase gags such as cowboys entering the local saloon by walking under the swinging doors, and pint-sized cowboys galloping around on Shetland ponies while roping calves.",1938,,62,"['comedy', 'western', 'family', 'music', 'romance', 'action']",['US'],,tt0030845,3.9,1760.0,2.285,3.3
tm61,"$50,000 Reward",MOVIE,"Tex Sherwood has just come into possession of a valuable piece of land that will be irrigated by a new dam. Banker Holman knowing the deed must be registered the next day, offers a $50,000 reward for Tex's capture.",1924,,55,['western'],['US'],,tt0014639,5.2,60.0,1.96,5.0
tm133278,Sagebrush Trail,MOVIE,"Imprisoned for a murder he did not commit, John Brant escapes and ends up out west where, after giving the local lawmen the slip, he joins up with an outlaw gang. Brant finds out that 'Jones', one of the outlaws he has become friends with, committed the murder that Brant was sent up for, but has no knowledge that anyone was ever put in jail for his crime. Willing to forgive and forget, Brant doesn't realize that 'Jones' has not only fallen for the same pretty shopgirl Brant has, but begins to suspect that Brant is not truly an outlaw.",1933,,54,"['western', 'action', 'drama', 'romance']",['US'],,tt0024516,5.4,1232.0,3.853,5.4
tm158617,Murder by Television,MOVIE,"James Houghland, inventor of a new method by which television signals can be instantaneously sent anywhere in the world, refuses to sell the process to television companies, who then send agents to acquire the invention any way they can. On the night of his initial broadcast Houghland is mysteriously murdered in the middle of his demonstration and it falls to Police Chief Nelson to determine who the murderer is from the many suspects present.",1935,,53,"['horror', 'scifi', 'thriller']",['US'],,tt0026740,4.1,674.0,1.997,3.5
tm2211,A Shriek in the Night,MOVIE,"Rival newspaper reporters Pat Morgan and Ted Rand find themselves unraveling the mystery behind the death of a millionaire philanthropist who fell from his penthouse balcony. When it is discovered that the plunge was not an accident, the building's residents come under suspicion. Soon, the body count begins to mount as three more murders occur by strangulation.",1933,,66,"['thriller', 'crime', 'romance', 'action', 'sport']",['US'],,tt0024554,5.2,948.0,1.168,5.1
tm109693,The Milky Way,MOVIE,"Timid milkman, Burleigh Sullivan, somehow knocks out a boxing champ in a brawl. The fighter's manager decides to build up the milkman's reputation in a series of fixed fights and then have the champ beat him to regain his title.",1936,,89,"['comedy', 'family', 'sport', 'romance']",['US'],,tt0027969,6.5,1671.0,1.356,6.1
tm2878,The Monster Walks,MOVIE,"Ruth Earlton has come home to her ancestral mansion to claim her inheritance.  Accompanied by her boyfriend, she discovers that her father died suddenly under suspicious circumstances.  Now it's her turn, as her deranged and relentless uncle targets her for death with the help of his wife and son, plus a very unhappy ape.",1932,,60,"['thriller', 'horror']",['US'],,tt0023236,4.1,939.0,3.518,4.5
tm159352,Raffles,MOVIE,"Man about town and First Class cricketer A.J. Raffles keeps himself solvent with daring robberies. Meeting Gwen from his schooldays and falling in love all over again, he spends the weekend with her parents, Lord and Lady Melrose. A necklace presents an irresistible temptation, but also in attendance is Scotland Yard's finest, finally on the trail.",1939,,72,"['thriller', 'comedy', 'crime', 'drama', 'history', 'romance']",['US'],,tt0032963,6.4,996.0,3.051,6.0
tm139236,Oliver Twist,MOVIE,"An orphan boy in 1830s London is abused in a workhouse, then falls into the clutches of a gang of thieves.",1933,,80,"['drama', 'family']",['US'],,tt0024405,5.0,361.0,1.946,5.1
tm163340,The New Adventures of Tarzan,MOVIE,"A feature film.  Tarzan, who has returned to Africa after living in England, sets off to Guatemala in search of an old friend who may have survived a plane crash there. Also in Guatemala are Ula Vale and Major Martling who are out to find the riches of the Green Goddess. They join forces after they learn that a competitor, Raglan, has already set out ahead of them. Tarzan has to rescue everyone after they are taken prisoner. When they get to the hidden city, Tarzan finds his friend alive and the fabulous treasure.",1935,,70,"['action', 'crime', 'family']",['US'],,tt0026773,4.4,194.0,0.785,3.0
tm3836,Lumberjack,MOVIE,Julie's husband has been murdered and land agents want her to sign away her property rights. Hoppy warns against this but she does so anyway. It looks as though she will be unable to deliver the timber called for in her agreement. Hoppy has to make the lumber deal happened and solve the murder.,1944,,65,"['western', 'drama', 'music', 'action']",['US'],,tt0037030,6.4,175.0,1.4,5.7
tm140747,Little Annie Rooney,MOVIE,"A feisty little girl, the daughter of a beat cop, faces the challenges of growing up in a tough city neighborhood.",1925,,95,"['comedy', 'drama']",['US'],,tt0016028,6.8,974.0,2.045,7.0
tm162886,The Patchwork Girl of Oz,MOVIE,"Ojo and Unc Nunkie are out of food, so they decide to journey to the Emerald City where they will never starve. Along the way, they meet Mewel, a waif and stray (mule) who leads them to Dr. Pipt, who has been stirring the powder of life for nine years. Ojo adds plenty of brains to Margolotte's Patchwork servant before she is brought to life with the powder. When Scraps does come to life, she accidentally knocks the liquid of petrifaction upon Unc Nunkie, Margolotte, and Danx (daughter Jesseva's boyfriend). So all go on separate journeys to find the ingredients to the antidote. (Of course Jesseva has Danx shrunken to take with her, which causes trouble with Jinjur.) Of course, no one ever told Ojo that some of the ingredients were illegal to obtain...",1914,,81,"['fantasy', 'comedy', 'family']",['US'],,tt0004457,5.4,477.0,0.98,5.3
tm96440,The Ghost Walks,MOVIE,"A  ghostly and deadly dinner party, which at first turns out to be an elaborate staging of a new play for the benefit of a Broadway producer, becomes a true mystery when the players start to go missing.",1934,,69,"['horror', 'comedy', 'thriller']",['US'],,tt0025169,5.6,502.0,1.647,5.3
tm88566,The Strange Woman,MOVIE,"Isaiah, a 19th-century businessman, has his eye on the beautiful and very young Jenny. Finally of age, she accepts his marriage proposal, but their love affair quickly turns sour. Ephraim, Isaiah's college-age son, comes for a visit, immediately striking up a chemistry with Jenny. She promises marriage -- if he murders his father first. But Jenny also swoons for John, the fiancé of her best friend, Meg.",1946,,100,"['romance', 'thriller', 'drama']",['US'],,tt0038990,6.6,2048.0,2.443,6.3
tm446591,Jivin' in Bebop,MOVIE,A filmed variety show featuring the Dizzy Gillespie Orchestra with special guests.,1946,,59,"['documentation', 'music']",['US'],,tt0038654,6.8,48.0,1.4,6.0
tm15604,Blood on the Sun,MOVIE,"Nick Condon, an American journalist in 1945 Tokyo, publishes the Japanese master plan for world domination. Reaction from the understandably upset Japanese provides the action, but this is overshadowed by the propaganda of the time.",1945,,93,"['drama', 'romance', 'thriller', 'war']",['US'],,tt0037547,6.0,2020.0,4.504,5.7
tm89128,The Perils of Pauline,MOVIE,"Funloving Pearl White, working in a garment sweatshop, gets her big chance when she ""opens"" for a delayed Shakespeare play...with a comic vaudeville performance. Her brief stage career leads her into those ""horrible"" moving pictures, where she comes to love the chaotic world of silent movies, becoming queen of the serials. But the consequences of movie stardom may be more than her leading man can take",1947,,96,"['comedy', 'music', 'drama']",['US'],,tt0039698,6.4,1172.0,2.535,6.5
tm112305,Happy Go Lucky,MOVIE,"A singer in Shanghai looks exactly like a missing flyer who went missing, and is feared to have sold the experimental airplane that he was flying. Foreign gangsters, the missing flyers girlfriend, and the U.S. military wants him, dead or alive.",1936,,53,"['drama', 'music', 'action']",['US'],,tt0027718,5.2,73.0,1.4,
tm66957,The Big Cat,MOVIE,A city boy arrives in his late mother's birthplace to discover the locals have been pestered by a cougar.,1949,,75,"['western', 'action', 'romance', 'drama']",['US'],,tt0041175,5.4,236.0,1.878,3.0
tm64928,Squadron of Doom,MOVIE,No overview yet.,1949,,75,"['action', 'scifi']",['US'],,tt0127297,5.0,18.0,0.961,
tm56395,"Parlor, Bedroom and Bath",MOVIE,"Jeffrey Haywood wants to marry to Virginia Embrey. However, Virginia refused to marry unless her older sister, the hard-to-please Angelica gets married first. Angelica, in turn, finds every man she knows too dull and predictable, and for this reason prefers to stay single. Jeff then tries to make Angelica interested in the mild-mannered and timid Reggie Irving passing him off as a notorious playboy to intrigue her. He asks his friend Polly to teach Reggie ""how to treat a woman right"", but he turns to be a disastrous learner.",1931,,73,['comedy'],['US'],,tt0022254,6.1,885.0,3.099,5.7
tm1102,23 1/2 Hours Leave,MOVIE,"Army training Sgt. Gray makes a bet that he can get himself invited to breakfast with his commanding officer, General Markley. But he gets into an unhappy tangle with a couple of enemy spies (and a happy tangle with the general's daughter) before the bet is finally decided.",1937,,72,"['comedy', 'music', 'war']",['US'],,tt0029698,5.1,52.0,1.4,
tm165325,The Pace That Kills,MOVIE,"Drug dealer on the run from the law meets an innocent young girl and her brother, and turns them into “cocaine fiends”.",1935,,68,"['drama', 'crime']",['US'],,tt0028074,3.6,643.0,1.531,2.6
tm83472,Dirty Gertie from Harlem U.S.A.,MOVIE,"Dirty Gertie is a nightclub entertainer from the Harlem neighborhood of New York City. She arrives on the Caribbean island of ""Rinidad"" to perform as the headliner in a revue at the Paradise Hotel. On the island she attracts the attention of several men.",1946,,65,['drama'],['US'],,tt0038480,5.2,244.0,1.96,4.7
tm16224,Fog Island,MOVIE,"Leo, a former convict, is living in seclusion on an island with his step-daughter, the daughter of his late wife. Leo was framed by a group of former business associates, and he also suspects that one of them killed his wife. He has invited the group to his island, tempting them by hinting about a hidden fortune, and he has installed a number of traps and secret passages in his home. He is aided in his efforts by a former cell-mate who holds a grudge against the same persons. When everyone arrives, the atmosphere of mutual suspicion and the thick fog that covers the island promise a tense and hazardous weekend for everyone.",1945,,72,"['horror', 'thriller', 'drama', 'romance']",['US'],,tt0037711,5.2,791.0,1.794,5.5
tm153258,The Flying Deuces,MOVIE,"Ollie is in love with a woman. When he discovers that she is already married, he tries to kill himself. Of course, the suicide is avoided and the boys join the Foreign Legion to get away from their troubles. Finally, they are arrested for trying to desert the Legion and to escape the firing squad by stealing a plane.",1939,,69,"['comedy', 'war', 'family']",['US'],,tt0031322,6.8,5164.0,6.295,6.4
tm99314,True Heart Susie,MOVIE,"Susie secretly loves her neighbor, William Jenkins, but neither, it seems, can confess their feelings for each other.",1919,,87,"['drama', 'romance', 'comedy']",['US'],,tt0010806,6.9,1796.0,1.982,7.1
tm7033,Big News,MOVIE,A reporter's marriage is jeopardized by his drinking and he finds himself accused of a murder he didn't commit.,1929,,75,"['comedy', 'crime']",['US'],,tt0019690,5.4,267.0,0.744,4.3
tm6242,Mr. Robinson Crusoe,MOVIE,"Steve Drexel voluntarily strands himself on a deserted island on a bet. He intends to re-create civilization and carves a miniature city of 52nd Street and Park Avenue out of the jungle. Drexel is befriended by his dog, a native monkey, and a wild goat that is captured in one of his traps. He attempts to cultivate a native as his Man Friday from Robinson Crusoe, but fails as the native escape.",1932,,76,"['action', 'comedy', 'family', 'romance']",['US'],,tt0023243,5.6,429.0,1.945,6.3
tm53874,The Painted Desert,MOVIE,"Western pardners Jeff and Cash find a baby boy in an otherwise deserted emigrants' camp, and clash over which is to be ""father."" They are still bitterly feuding years later when they own adjacent ranches. Bill, the foundling whom Cash has raised to young manhood, wants to end the feud and extends an olive branch toward Jeff, who now has a lovely daughter. But during a mining venture, the bitterness escalates. Is Bill to be set against his own adoptive father?",1931,,79,['western'],['US'],,tt0022243,5.1,700.0,2.041,5.0
tm82044,Secret of the Wastelands,MOVIE,"Hoppy is leading a scientific expedition and the Chinese who have a hidden settlement nearby are trying to stop them. Saulters and his outlaw gang are also in the area looking for a gold mine. When Saulters men attack, the gold mine is found. Hoppy agrees to file for the Chinese and heads after Saulters in the chase to the land office.",1941,,66,"['western', 'action']",['US'],,tt0034166,6.6,169.0,0.961,
tm7496,Blockade,MOVIE,A simple peasant is forced to take up arms to defend his farm during the Spanish Civil War. Along the way he falls in love with a Russian girl whose father is involved in espionage.,1938,,85,"['drama', 'romance', 'war']",['US'],,tt0029924,5.6,557.0,3.69,5.5
tm117296,Two Weeks to Live,MOVIE,"When Abner is mistakenly diagnosed as having only two weeks to live, his partner gets the idea that they can make a ton of money by having Abner perform all kinds of dangerous stunts.",1943,,76,"['comedy', 'action']",['US'],,tt0035480,5.6,198.0,0.662,2.0
tm99988,Randy Rides Alone,MOVIE,"Bandits lead by Matt the Mute enter a bar and kill multiple people. Randy Bowers comes to town and is framed by Matt the Mute, who is working with the sheriff (who doesn't know Matt is really a criminal). Randy escapes with the help of the niece of the dead owner of the bar. Bowers ends up running from the sheriff, and ends up in the cave in which the bandits have their hide-out…",1934,,53,"['western', 'action', 'romance']",['US'],,tt0025699,5.3,1060.0,2.811,4.9
tm1345,Abilene Town,MOVIE,"Marshall Dan Mitchell, who is the law in Abilene, has the job of keeping peace between two groups. For a long time, the town had been divided, with the cattlemen and cowboys having one end of town to themselves, while townspeople occupied the other end. Mitchell liked it this way, it made things easier for him, and kept problems from arising between the two factions. However…",1946,,89,"['western', 'romance', 'action']",['US'],,tt0038284,6.2,1000.0,2.833,5.3
tm64603,Port of New York,MOVIE,"This film tells the story of a customs and treasury agent out to stop the distribution of opium, that came in on a ship in the Port of New York but was smuggled off by drug dealers.",1949,,82,"['crime', 'drama', 'thriller']",['US'],,tt0041761,6.0,920.0,3.025,4.7
tm7265,God's Step Children,MOVIE,"Naomi, a light-skinned Black child, is abandoned by her mother and raised by the virtuous Mrs. Saunders.  When the girl's fixation with whiteness turns her against her own race, she is sent to a convent.  Hopelessly in love with her adoptive brother Jimmie, Naomi consents to marry his friend, but is repulsed by his darker skin and unrefined ways.",1938,,70,['drama'],['US'],,tt0028942,5.7,102.0,0.6,5.0
tm2865,Broadway to Cheyenne,MOVIE,A cowboy detective goes up against a gang of big-city thugs trying to set up a protection racket out west.,1932,G,52,"['western', 'crime', 'romance', 'action']",['US'],,tt0022921,4.7,140.0,1.995,4.3
tm85410,One Exciting Night,MOVIE,"A young orphan girl, courted by an unpleasant older suitor who has a hold over her adoptive mother, falls in love with Fairfax, a young stranger at a party. A group of bootleggers try to get away with the loot stashed previously within Fairfax's mansion; Mysterious faces peer into the windows and shadowy figures stalk the hall. One of the bootleggers is killed and the young stranger becomes the prime suspect.",1922,,143,"['crime', 'comedy', 'horror']",['US'],,tt0013458,5.5,150.0,0.931,5.5
tm16537,Apology for Murder,MOVIE,"Head over heels in love with a stern and cold older businessman's young wife, a reporter is seduced into conspiring to murder him so she can inherit his estate, while pinning the murder on another businessman.",1945,,67,"['crime', 'drama']",['US'],,tt0037518,5.7,340.0,2.731,4.6
tm115918,Hi Diddle Diddle,MOVIE,"When the bride's mother is supposedly swindled out of her money by a spurned suitor, the groom's father orchestrates a scheme of his own to set things right. He is aided by a cabaret singer, while placating a jealous wife.",1943,,72,"['comedy', 'romance']",['US'],,tt0035996,6.7,583.0,1.613,7.7
tm67692,Wild Weed,MOVIE,A chorus girl's career is ruined and her brother is driven to suicide when she starts smoking marijuana.,1949,,70,['drama'],['US'],,tt0041865,4.3,438.0,1.4,4.5
tm88677,Love Laughs at Andy Hardy,MOVIE,Andy Hardy goes to college after serving in the war and finds his sweetheart is engaged to someone else.,1946,,93,"['comedy', 'romance', 'family']",['US'],,tt0038704,5.9,699.0,1.729,5.3
tm88617,The Fabulous Dorseys,MOVIE,"The story of Tommy and Jimmy Dorsey from their boyhood in Pennsylvania through their rise, their breakup, and their personal reunion.",1947,,88,"['drama', 'music', 'romance']",['US'],,tt0039365,5.6,571.0,1.789,5.3
tm162830,The Hoosier Schoolmaster,MOVIE,"Right after the Civil War, an ex-Union soldier sets out to become a schoolmaster in his small town, even though many locals still harbor a resentment against ""Yankees"". He goes up against the town bully, who both want the same girl, and his troubles multiply when a vicious band of nightriders set out to drive him out of town.",1935,,75,['drama'],['US'],,tt0026492,5.7,63.0,0.871,5.0
tm79526,Man With Two Lives,MOVIE,"A man is brought back from death at the same time a vicious criminal dies in the electric chair. However, the man's soul is now taken over by the electrocuted gangster, who embarks on a vengeful crime wave.",1942,,65,"['horror', 'thriller']",['US'],,tt0035031,5.2,259.0,1.464,5.3
tm137977,I Cover the Waterfront,MOVIE,An investigative reporter romances a suspected smuggler's daughter.,1933,,75,"['romance', 'drama', 'crime']",['US'],,tt0024151,6.3,594.0,2.412,5.8
tm156388,The Desert Trail,MOVIE,Rodeo star John Scott and his gambler friend Kansas Charlie are wrongly accused of armed robbery. They leave town as fast as they can to go looking for their own suspects in Poker City.,1935,G,54,"['western', 'action', 'romance']",['US'],,tt0026273,5.3,928.0,2.847,4.7
tm98597,Marie Galante,MOVIE,"There is unease in a pre-WWII world. Marie is kidnapped in France by sailors looking for pleasure and taken aboard a ship on a shady mission, then thrown off at Yucatan. She winds up singing in a cafe in the Panama Canal zone.",1934,,88,"['thriller', 'drama', 'romance']",['US'],,tt0025472,5.7,358.0,2.014,4.6
tm162381,The Dawn Rider,MOVIE,"When John Mason's father is killed, John is wounded. Attracted to his nurse Alice, a conflict arises between him and his friend Ben who plans to marry Alice. John later finds the killer of his father but goes to face him not knowing Ben has removed the bullets from his gun.",1935,,52,"['western', 'drama', 'action']",['US'],,tt0026267,5.1,1178.0,3.461,4.8
tm997,The Admiral Was a Lady,MOVIE,"Ex-WAVE encounters four fun-loving, work-hating men, all of whom want to marry her.",1950,G,87,"['romance', 'comedy']",['US'],,tt0042182,5.8,356.0,2.222,6.1
tm16141,White Pongo,MOVIE,"Suspecting that a safari guide is a wanted killer, undercover policeman Geoffrey Bishop (Richard Fraser) joins a safari led by the suspect for a scientist that hopes to find and prove that a fabled white gorilla is a missing link.",1945,,71,"['horror', 'action', 'comedy']",['US'],,tt0038246,3.0,645.0,1.861,4.5
tm6793,The Rage of Paris,MOVIE,"Nicole has no job and is several weeks behind with her rent. Her solution to her problems is to try and snare a rich husband. Enlisting the help of her friend Gloria and the maitre'd at a ritzy New York City hotel, the trio plot to have Gloria catch the eye of Bill Duncan, a millionaire staying at the hotel. The plan works and the two quickly become engaged. Nicole's plan may be thwarted by Bill's friend, Jim Trevor, who's met Nicole before and sees through her plot.",1938,,78,"['comedy', 'romance']",['US'],,tt0030652,7.0,853.0,3.336,6.2
tm2601,Why We Fight: The Battle of China,MOVIE,"The sixth film of Frank Capra's Why We Fight propaganda film series illustrates Japan's occupation of China, including Madame Chiang Kai-Shek's stirring address before congress, the rape of Nanking, the great 2,000 mile migration, and Claire Chennault's Flying Tigers.",1944,,65,"['documentation', 'war', 'history']",['US'],,tt0184254,7.0,725.0,1.89,6.4
tm69197,Never Fear,MOVIE,A dancer who has just gotten engaged to her partner and choreographer and is about to embark on a major career is devastated to learn that she has contracted polio.,1950,,82,['drama'],['US'],,tt0384372,6.4,542.0,3.244,6.1
tm59169,The Man Who Cheated Himself,MOVIE,A veteran homicide detective who has witnessed his socialite girlfriend kill her husband sees his inexperienced brother assigned to the case.,1950,,81,"['thriller', 'crime', 'drama']",['US'],,tt0042707,6.8,2322.0,3.388,5.9
tm72444,Lucky Ghost,MOVIE,"An all-black horror comedy starring Mantan Moreland and sometimes partner (and straight man) F.E. Miller, Lucky Ghost is amusing low-brow fare that exploits the more base, stereotypical elements of old-time black life (chicken thievin', gamblin', runnin' from ghosteses) for laughs -- sort of like the BET of its day. Mantan and Miller win a house-cum-casino in a craps game, only to discover that the deceased former owners aren't too pleased that their old home is being used for ""jitterbugging, jiving, and hullaballooing"". I hate hullaballooing. The ghosts decide to scare everyone off by opening doors and windows, pulling out chairs, even playing the drums.",1942,PG,61,"['comedy', 'thriller']",['US'],,tt0033856,5.9,186.0,0.81,6.6
tm78294,Redhead,MOVIE,"A wealthy businessman's irresponsible son and a down-on-her-luck model enter into a marriage of convenience, and end up falling in love.",1941,,64,"['comedy', 'romance']",['US'],,tt0034087,5.9,85.0,1.537,5.0
tm165496,Rocky Mountain Mystery,MOVIE,"A mining engineer teams up with a crusty deputy sheriff to solve the mystery killings at an old mine where the owner's family waits for him to die, and where a valuable radium strike may have been made.",1935,,63,['western'],['US'],,tt0026944,5.9,350.0,1.445,5.6
tm160004,Rough Riders' Round-up,MOVIE,"Roy Rogers is a cowboy who joins the Border Patrol, only to have his buddy Tommy get killed at a local saloon. Determined to get revenge at any cost, Roy and Rusty cross the border in search of Arizona Jack, the man responsible for Tommy's death.",1939,,58,"['western', 'action', 'drama', 'music']",['US'],,tt0031880,5.4,246.0,1.23,6.0
tm320369,Fighting Mustang,MOVIE,"Filmed back-to-back with three other Sunset Carson vehicles in 1947, this Yucca Pictures Western starred the former Republic cowboy as a Texas Ranger chasing a gang of rustlers into the notorious outlaw territory of Three Corners. Attempting to sabotage the proposed annexation of the territory, desperado Bart Dawson (Stephen Keyes) and his men ambush Sunset and his young trainee Jed (Al Terry). The villains, who have been terrorizing pretty trading post operator Helen Bennett (Patricia Starling), are eventually defeated by the rangers in a violent gun battle and the planned annexation takes place on schedule. For all intents and purposes, the handsome but wooden Sunset Carson ended his screen career with this series of extremely low-budget Westerns, originally filmed in 16mm and released by that dumping ground of Poverty Row flotsam, Astor Pictures.",1948,,56,['western'],['US'],,tt0040356,7.5,63.0,0.6,
tm67007,Outpost in Morocco,MOVIE,"Captain Gerard, greatest lover in the Foreign Legion, is assigned to escort an emir's daughter to her father's mountain citadel and find out what he can about the emir's activities. Gerard enjoys his work with lovely Cara, but arrives to find rebellion brewing.",1949,,92,['action'],['US'],,tt0041724,5.2,447.0,3.667,4.9
tm64939,The Sundowners,MOVIE,Brother is pitted against brother in this tale of fueding ranchers in the old west.,1950,,83,['western'],['US'],,tt0043013,5.6,480.0,1.478,5.8
tm108526,Rogue of the Range,MOVIE,Doran and the Sheriff have a scheme to bring in an outlaw gang. Doran is sent to prison so he and the gang leader Mitchell can break out. This gets him into the gang but he is in trouble when it's revealed he is working with the Sheriff.,1936,,56,"['western', 'drama', 'romance', 'action']",['US'],,tt0028199,5.7,91.0,1.21,
tm5402,Bill and Coo,MOVIE,"The feathered residents of Chirpendale are terrorized by an evil black crow by the name of ""The Black Menace"". But to the citizen's rescue comes a brave young taxi puller named Bill!  In other words, every single role in this film is played by birds. Actual birds.",1948,,61,"['family', 'fantasy']",['US'],,tt0039188,5.5,271.0,1.477,6.8
tm59437,Edge of Doom,MOVIE,A priest sets out to catch the man who killed one of his colleagues.,1950,,99,"['drama', 'crime']",['US'],,tt0042428,6.4,753.0,3.214,5.6
tm10553,Saleslady,MOVIE,"A young heiress moves away from home, takes a job in a Chicago department store and weds a co-worker who's unaware of his bride's wealthy background.",1938,,65,"['drama', 'comedy', 'romance']",['US'],,tt0030710,5.4,159.0,1.96,
tm7930,The Cowboy and the Lady,MOVIE,"Mary Smith decides after a lifetime of being a shut-in to do something wild while her father is out campaigning for the presidency, so she takes off for the family's home in West Palm Beach and inadvertently becomes romantically entangled with earnest cowboy Stretch Willoughby. Neither the dalliance nor the cowboy fit with the upper class image projected by her esteemed father, forcing her to choose.",1938,,91,"['romance', 'comedy', 'drama', 'western']",['US'],,tt0030018,6.5,1573.0,2.427,6.4
tm47071,The Sea Ghost,MOVIE,"A crooked lawyer trying to cheat a young girl out of her inheritance tries to convince a sea captain to help him.  Re-released in 1939 as ""Phantom Submarine U-67.""",1931,,64,"['drama', 'war', 'action']",['US'],,tt0022352,5.6,113.0,0.749,5.0
tm218984,'Neath Canadian Skies,MOVIE,Canadian Mountie investigates a murder posing as a criminal.,1946,,41,['western'],['US'],,tt0038277,6.6,27.0,0.903,4.0
tm5162,The Greeks Had a Word for Them,MOVIE,"Sophisticated comedy: a trio of money hungry women who all have sugar daddies who keep them in the lap of luxury, even as they drive the men crazy. Each woman represents a different personality type, from sensitive, to kind-hearted, to difficult and untrustworthy. Set in the age of jazz, the twenties come roaring back with immorality and in-fighting.",1932,,79,['comedy'],['US'],,tt0022961,6.1,434.0,1.661,4.4
tm76749,Mr. Wise Guy,MOVIE,"The gang is sent to the Wilton Reform School after they are unjustly convicted of stealing a truck. Bill Collins, brother of co-leader Danny, becomes involved in a killing and, while also innocent, is convicted and sentenced to death. Through a series of events, Muggs, Glimpy, Danny and the rest of the gang, learn that Knobby, a henchman of Luke Manning, knows something about the murder.",1942,,70,"['drama', 'comedy', 'romance']",['US'],,tt0035092,5.6,512.0,2.501,6.2
tm6542,Rawhide,MOVIE,Saunders with his Cattlemen's Protective Agency is running roughshod over the ranchers. Lawyer Larry Kimball is fighting him but he needs a rancher that will stand up with him against Saunders. He finds him when Lou Gehrig retires from baseball to take up ranching. Lou expects to relax on his ranch but quickly joins Larry in the fight.,1938,,58,"['western', 'sport', 'action', 'music', 'romance']",['US'],,tt0030655,5.6,167.0,1.122,7.4
tm3632,Discarded Lovers,MOVIE,"In this murder mystery, sexy blonde film star Irma Gladden is found dead in her car after shooting the last scene in her film, ""Falling Star"" at Eminent Studios. The suspects are numerous due to her free and easy lifestyle and messy romantic affairs. Among them are Grace Sibley the jealous wife of her director, Warren Sibley, her drunken actor husband, Andre Leighton, her screenwriter boyfriend, Rex Forsythe, and her first husband, Robert Worth. Also on hand to help solve the mystery are visiting reporter Bob Adair, Irma's secretary, Valerie Christine, and policemen Captain Sommers and Sergeant Delaney.",1932,,60,['thriller'],['US'],,tt0022821,4.8,117.0,0.6,4.7
tm8894,Tarzan's Revenge,MOVIE,"Eleanor and her parents are hunting big game, acompanied by her wimpish fiance.",1938,,70,"['romance', 'action', 'comedy', 'family']",['US'],,tt0030833,4.8,599.0,1.4,4.3
tm311548,Sabapathy,MOVIE,"A rich, happy-go-lucky young man lives with his faithful man-servant. The young man gets married to a well-to-do woman who is more educated than him, and she changes him to a more responsible person",1941,G,158,['comedy'],['IN'],,tt0240875,7.1,155.0,3.088,7.0
tm163500,Condemned to Live,MOVIE,"After a series of murders, a man finds out that his mother was bitten by a vampire bat during her pregnancy, and he believes that he may be the vampire committing the murders.",1935,,67,"['thriller', 'drama', 'horror']",['US'],,tt0026230,4.8,496.0,2.345,4.9
tm95847,Calendar Girl,MOVIE,"Around the turn of the century, two young men, Johnnie Bennett, a composer and Steve Adams, an artist, go to New York City to make their fortune. They both fall in love with the same girl, Patricia O'Neill. The artist paints a picture of her which outrages her father's sensibilities; but, as a result of the picture, she wins a chance to star in a Broadway play. She soon learns that the artist is just a trifler; and she turns to the composer, who loves her sincerely",1947,,88,['romance'],['US'],,tt0039236,5.7,256.0,0.708,5.2
tm325439,The Fabulous Joe,MOVIE,"Milo Terkel's life is never the same after he is willed a dog named Joe. Milo buys his wife a diamond necklace for their anniversary, but when he returns home he finds a note saying she is attending a charity affair. He decides to celebrate alone, taking Joe along for company. After two ""mystery gardenias"" at the Florida Club, he meets gorgeous Miss Gilmore who spots the necklace and asks to try it on. Milo is punched in the nose by Miss Gilmore's boyfriend, Louie. But Milo's troubles really begin when his dog starts to talk to him, and ONLY to him! He tells Milo to act tough, like Humphrey Bogart. It's a laugh-a-minute as Milo changes from lamb to lion and is innocently caught by his wife with the shapely Miss Gilmore. When his wife sues for divorce he tells the judge about Joe being his advisor. The judge can only suggest that Milo and his wife take a long vacation to work out their problems. Everyone knows a dog simply can't talk!",1947,,59,"['comedy', 'action', 'fantasy']",['US'],,tt0039366,6.3,89.0,1.4,3.0
tm85300,Outlaws of the Desert,MOVIE,"Hoppy, Johnny and California go to Arabia to buy some horses. There they get involved with a sheik and a harem and a kidnapping plot.",1941,,66,"['western', 'action']",['US'],,tt0033989,5.8,151.0,1.101,
tm161073,The Wedding Night,MOVIE,"While working on a novel in his country home in Connecticut, married writer Tony Barrett (Cooper) becomes attracted to Manya (Sten), the daughter of a neighboring farmer. Manya is unhappily engaged to Frederik (Bellamy). Due to a snowstorm, Tony and Manya are trapped together in his house overnight. The next day, Manya's father insists her wedding to Frederik take place in spite of Manya's misgivings. Drunkenness and jealousy result in tragedy at the wedding reception that night.",1935,,83,"['drama', 'romance']",['US'],,tt0027189,6.6,964.0,1.719,6.4
tm15681,Why We Fight: War Comes to America,MOVIE,The seventh and final film of Frank Capra's Why We Fight World War II propaganda film series. This entry attempts to describe the factors leading up to America's entry into the Second World War.,1945,,70,"['war', 'documentation']",['US'],,,,,1.84,6.8
tm4442,Speak Easily,MOVIE,A professor gets mixed up with chorus girls in a Broadway musical.,1932,,81,['comedy'],['US'],,tt0023498,5.8,1017.0,2.664,6.4
tm83723,Mr. Bug Goes to Town,MOVIE,The happy tranquility of Buggsville is shattered when the populace learns that a colossal skyscraper is to be built over their tiny town.,1941,G,78,"['comedy', 'animation', 'family', 'fantasy']",['US'],,tt0033727,6.9,1261.0,2.318,6.1
tm116860,One Rainy Afternoon,MOVIE,"Suave French actor Philippe Martin provokes a scandal when, in a darkened theater, he mistakes young Monique for his mistress, Yvonne, and tries to kiss her. Charged with assault, the quick-thinking Philippe claims it's French tradition to do as he did, and is let go. To his surprise, Philippe learns that Monique has paid his fine. As the tabloids exploit the situation, Monique dates Philippe, until a photo appears of him kissing Yvonne.",1936,,80,"['comedy', 'romance']",['US'],,tt0028062,5.9,276.0,2.069,4.4
tm87782,Wide Open Town,MOVIE,"Belle Langtry runs a town being taken over by cattle rustlers. She is also a front for the outlaws, who are led by Steve Fraser. Hoppy gets elected sheriff and cleans up the town with help from the Bar 20 boys.",1941,,79,['western'],['US'],,tt0034391,6.6,215.0,1.023,
tm23348,Joan the Woman,MOVIE,"A WWI English officer is inspired the night before a dangerous mission by a vision of Joan of Arc, whose story he relives.",1916,,138,"['drama', 'war', 'history']",['US'],,tt0177807,6.4,585.0,3.011,5.7
tm84796,My Pal Trigger,MOVIE,"Gabby doesn´t want to breed his horse the Golden Sovereign with Roy's. When Sovereign and Roy's horse escape, the Sovereign get shoot accidentally by Skoville but Roy is blamed and jailed. A year later Roy returns with Trigger, the son of the Sovereign. When Skoville reveals he was present when the horse was shot, Roy sees an opportunity to clear his name.",1946,,79,"['western', 'drama', 'music', 'action']",['US'],,tt0038764,6.4,505.0,3.636,6.0
tm54261,Indiscreet,MOVIE,A young woman jeopardizes the relationship with the man she loves when a no-account from her past shows up.,1931,,92,"['drama', 'romance', 'comedy']",['US'],,tt0022000,6.2,1447.0,1.062,5.8
tm80661,The Son of Monte Cristo,MOVIE,"Rightful owner of the kingdom, the Duchess of Zona, is engaged in a power struggle with the evil General Gurko. Edmond, the son of Monte Cristo, dons many disguises to come to the aid of the Duchess.",1940,,102,"['action', 'drama', 'romance']",['US'],,tt0033076,6.2,791.0,5.124,6.0
tm118270,Winterset,MOVIE,A man is determined to find the real culprit behind the crime for which his father was wrongly executed.,1936,,77,"['drama', 'romance', 'crime']",['US'],,tt0028511,6.2,431.0,2.649,5.5
tm118310,Border Patrol,MOVIE,"When three Texas Rangers try to investigate kidnapped Mexicans being used as forced labor in the mines of Silver Bullet, they are framed for murder by the town's corrupt sheriff.",1943,,65,"['western', 'action']",['US'],,tt0035692,6.2,294.0,2.34,6.0
tm1227,'Neath Brooklyn Bridge,MOVIE,"The East Side Kids find a young girl in the apartment of a man who has just been murdered. Believing her to be innocent, they hide her in their clubhouse while they try to find the real killer. The killer, however, used a baseball bat as his murder weapon, and the bat has the fingerprints of one of the gang on it.",1942,,61,"['romance', 'war', 'comedy', 'drama']",['US'],,tt0034420,5.8,659.0,1.809,6.9
tm5887,"Fanchon, the Cricket",MOVIE,"A young wild girl, Fanchon, lives in a forest with her eccentric grandmother who is suspected by the villagers of being a witch. The unkempt Fanchon suffers from her grandmother's sorceress reputation. One day the girl rescues a boy from drowning and they fall in love, but Fanchon won't agree to marry him unless his father asks her. A year later the boy has fallen very ill and it is only the presence of the enchanting Fanchon that helps to restore his health.",1915,,75,['drama'],['US'],,tt0005302,6.5,208.0,0.967,6.5
tm114201,Ghost Town,MOVIE,"An old miner is ambushed by outlaws trying to steal the $10,000 he is carrying to start up a new mine. A passing cowboy comes to the miner's aid, but winds up getting blamed for the attack.",1936,,56,"['western', 'romance', 'action']",['US'],,tt0028927,5.9,74.0,1.14,
tm6088,"Mr. Wong, Detective",MOVIE,A chemical manufacturer is killed just after asking detective James Wong to help him. So Detective Wong decides to investigate this as well as two subsequent murders.,1938,,70,"['thriller', 'crime', 'drama']",['US'],,tt0030473,6.0,1054.0,2.07,5.5
tm67830,Something to Sing About,MOVIE,James Cagney has a rare chance to show his song-and-dance-man roots in this low-budget tale of a New York bandleader struggling with a Hollywood studio boss.,1937,,93,['comedy'],['US'],,tt0029588,6.2,912.0,0.833,6.2
tm66036,Borderline,MOVIE,"Two undercover agents infiltrate a drug-smuggling ring in Mexico, thee find them selves falling in love with each other. Neither is aware of the other's identity As they decide to make a run for the border.",1950,,88,"['thriller', 'crime', 'drama']",['US'],,tt0042274,6.0,1367.0,1.936,5.4
tm7724,Mickey,MOVIE,"A pretty, tomboyish teenager comes of age in an American small town.",1948,,87,"['drama', 'comedy']",['US'],,tt0040586,6.6,123.0,0.907,6.0
tm163136,Nurse Edith Cavell,MOVIE,"British nurse Edith Cavell (Anna Neagle) is stationed at a hospital in Brussels during World War I. When the son of a former patient escapes from a German prisoner-of-war camp, she helps him flee to Holland. Outraged at the number of soldiers detained in the camps, Edith, along with a group of sympathizers, devises a plan to help the prisoners escape. As the group works to free the soldiers, Edith must keep her activities secret from the Germans",1939,,97,"['drama', 'war']",['US'],,tt0031737,6.6,335.0,1.256,6.4
tm161419,Eternally Yours,MOVIE,"Anita, engaged to solid Don Barnes, is swept off her feet by magician Arturo. Before you can say presto, she's his wife and stage assistant on a lengthy world tour. But Anita is annoyed by Arturo's constant flirtations, and his death-defying stunts give her nightmares. And forget her plan to retire to a farmhouse. Eventually, she has had enough and disappears.",1939,,95,"['drama', 'romance', 'comedy']",['US'],,tt0031282,5.7,758.0,3.951,5.5
tm110888,This Is the Army,MOVIE,"In WW I dancer Jerry Jones stages an all-soldier show on Broadway, called Yip Yip Yaphank. Wounded in the War, he becomes a producer. In WW II his son Johnny Jones, who was before his fathers assistant, gets the order to stage a knew all-soldier show, called THIS IS THE ARMY. But in his pesonal life he has problems, because he refuses to marry his fiancée until the war is over.",1943,,121,"['romance', 'war', 'comedy']",['US'],,tt0036430,5.8,1146.0,2.845,6.2
tm100001,The Lucky Texan,MOVIE,"Jerry Mason, a young Texan, and Jake Benson, an old rancher, become partners and strike it rich with a gold mine. They then find their lives complicated by bad guys and a woman.",1934,,61,"['western', 'action', 'romance']",['US'],,tt0025440,5.6,1213.0,4.079,4.7
tm156591,Irish Luck,MOVIE,A spunky young bellhop investigates the murder of a hotel guest.,1939,,58,"['comedy', 'action', 'crime']",['US'],,tt0031495,5.5,204.0,0.6,5.5
tm114234,Ghost Patrol,MOVIE,"A Professor has an invention that will bring down planes causing them to crash and Dawson is forcing him to use it on those carrying money. When Tim arrives to investigate he is mistaken for a noted outlaw. So he assumes that identity to force Dawson to make him a partner. But just as a plane bringing Tim help is arriving, his true identity is revealed and while he is a prisoner, Dawson forces the Professor to start his machine.",1936,,60,"['western', 'scifi', 'crime', 'romance']",['US'],,tt0027669,4.5,211.0,1.021,4.7
tm264330,Forbidden Jungle,MOVIE,"A hunter is hired to take an expedition deep into the African jungle to search for a white boy lost in a plane crash years before, and who has been rumored to be living among the wild animals.",1950,,66,['action'],['US'],,tt0042473,4.3,92.0,1.204,
tm88607,Dark Alibi,MOVIE,"After three men are convicted of bank robberies, Charlie becomes suspicious.  After some investigation Charlie finds the men are innocent and that the fingerprint evidence used to convict them had been forged.  Charlie then proceeds to find the true bank robbers.",1946,,61,"['thriller', 'comedy', 'crime', 'drama']",['US'],,tt0038452,6.5,1271.0,1.491,6.2
tm138295,"Sing, Sinner, Sing",MOVIE,"A singer on a gambling ship is married to a wealthy playboy. When he is found murdered, all evidence points to her as the culprit, and she is put on trial for the crime.",1933,,74,"['drama', 'romance']",['US'],,tt0024564,5.9,71.0,1.214,4.0
tm82863,Tanks a Million,MOVIE,"Chubby William Tracy starred as Dodo Doubleday, a feckless Army draftee blessed (or cursed) with a photographic memory. Inexplicably promoted to sergeant, Doubleday becomes the bane of topkick Sgt. Ames' (Joe Sawyer) existence.",1941,,50,"['comedy', 'romance']",['US'],,tt0034264,6.0,260.0,0.896,4.3
tm63346,Call of the Forest,MOVIE,"A prospector is looking for a lost gold mine and finds aid in his search through the efforts of his friend, Stormcloud, whom he has aided in the past.  Stormcloud gives the prospector's son a map leading to the mine in repayment for his past kindness.  When a claim jumper learns about the map, he targets the prospector and his son in order to get the treasure.",1949,,57,['western'],['US'],,tt0041221,5.3,84.0,0.752,4.7
tm99843,Wagon Wheels,MOVIE,"Wagon Wheels is a 1934 remake of 1931's Fighting Caravans, using stock footage from the original and substituting a new cast headed by Randolph Scott and Gail Patrick to replace the earlier film's Gary Cooper and Lili Damita. The western movie was directed by Charles Barton from the Zane Grey novel ""Fighting Caravans.""",1934,,56,"['western', 'comedy', 'drama', 'romance', 'action']",['US'],,tt0025954,5.6,283.0,1.125,4.3
tm241988,High School Girl,MOVIE,"In this drama, a teenage boy and girl, tired of parental repression, begin sneaking out on dates and to parties. The parents are strict, but pay little real attention to their kids, therefore the kids turn to their high school biology teacher who is willing to really listen to their confidences.",1935,,55,['drama'],['US'],,tt0026470,5.0,44.0,0.704,2.0
tm84400,The Blood of Jesus,MOVIE,"Razz accidentally shoots his wife Martha when his hunting rifle drops on the floor and discharges. The church congregation gathers at Martha’s bedside to pray for her recovery, and during this period an angel arrives to take Martha’s spirit from her body, but she is tempted by the slick Judas Green, who is an agent for Satan.",1941,,57,"['fantasy', 'drama']",['US'],,tt0033406,5.3,638.0,2.087,4.6
tm95309,Vigilantes of Boomtown,MOVIE,"The ranch of Red Ryder (Allan Lane) and his aunt, The Duchess (Martha Wentworth), is being used as the training site for ""Gentleman Jim"" Corbett (George Turner) for his upcoming fight in Carson City, Nevada for the heavyweight championship against Bob Fitzsimmons (John Dehner). Molly McVey (Peggy Stewart), the daughter of a U.S. Senator, crusading against prize-fighting in Nevada, complicates matters soemwhat when she conceives the bright idea of having Corbett kidnapped, thus causing the cancellation of the fight. The two men (George Chesebro and George Lloyd) she hires to do the kidnapping also add to the complications by kidnapping Ryder instead of Corbett. Meanwhile, a gang of crooks, led by McKean (Roy Barcroft), descend on the town intent on looting the town and also making off with the fight proceeds.",1947,,56,['western'],['US'],,tt0039959,6.2,58.0,0.877,
tm154438,Arrest Bulldog Drummond,MOVIE,The invention of a machine that can cause remote explosions brings the attention of Scotland Yard and Bulldog Drummond.,1938,G,57,"['thriller', 'scifi']",['US'],,tt0031054,6.1,399.0,2.511,6.6
tm112452,Desert Gold,MOVIE,"Chet Kasedon is after the Indians hidden gold mine but Chief Moya will not reveal it's location. He has also hired mining engineers Gale and Mortimer to locate the mine. When Gale sees Kasedon's cruelty to Moya, he switches sides.",1936,,58,"['western', 'drama', 'romance', 'action', 'comedy']",['US'],,tt0027511,5.6,145.0,1.315,5.7
tm76138,Phantom Killer,MOVIE,Well-known philanthropist and deaf-mute John G. Harrison is identified leaving the scene of several murders but evades successful prosecution as there are hundreds of witnesses who have also seen him emceeing benefits at the exact same time as the murders.,1942,,61,"['romance', 'thriller']",['US'],,tt0035185,5.3,188.0,1.092,
tm4349,Guest in the House,MOVIE,"Evelyn, an emotionally vulnerable and unstable woman, stays at the home of her doctor Dan Proctor. There she meets and falls in love with his brother, Douglas, who is happily married to Ann. Evelyn then sets forth to break up the happy marriage and win the love of Douglas.",1944,,121,"['thriller', 'drama']",['US'],,tt0036886,6.2,862.0,2.212,4.0
tm17722,Doll Face,MOVIE,"Burlesque queen Doll Face Carroll is dismissed from an audition for a legitimate Broadway show because she lacks culture. Her boss/manager Mike decides that she can get both culture and plenty of publicity by writing her autobiography. He hires a ghost writer to do all the work, but doesn't count on the possibility that Doll Face and her collaborator might have more than a book on their minds.",1945,,80,"['romance', 'comedy', 'music']",['US'],,tt0037650,5.9,487.0,1.183,4.2
tm81973,Second Chorus,MOVIE,"Danny O'Neill and Hank Taylor are rival trumpeters with the Perennials, a college band, and both men are still attending college by failing their exams seven years in a row. In the midst of a performance, Danny spies Ellen Miller who ends up being made band manager. Both men compete for her affections while trying to get the other one fired.",1941,PG,84,"['comedy', 'romance', 'music', 'european']",['US'],,tt0033029,5.7,1569.0,3.23,5.9
tm78184,Niagara Falls,MOVIE,The nosy antics of a honeymooner puts an unwed couple in the same room.,1941,,86,"['comedy', 'romance']",['US'],,tt0033949,6.0,193.0,0.728,7.0
tm162614,Saga of Death Valley,MOVIE,When Tasker kills Roy Rogers he takes one of his young sons. Fifteen years later the other son Roy arrives buying a ranch in the valley where Tasker now controls the water supply. Roy organizes the ranchers for a showdown with Tasker not knowing that his brother is Tasker's chief henchman.,1939,,58,"['western', 'action', 'music']",['US'],,tt0031889,6.3,138.0,1.472,6.0
tm79139,Sundown,MOVIE,Englishmen fighting Nazis in Africa discover an exotic mystery woman living among the natives and enlist her aid in overcoming the Germans.,1941,,90,"['drama', 'war']",['US'],,tt0034242,5.7,930.0,2.856,5.9
tm132612,Riders of Destiny,MOVIE,"John Wayne portrays Singin' Sandy Saunders and has a reputation as the most notorious gunman since Billy the Kid. That's somewhat ironic though, since it's later revealed that he's a special Secret Service agent sent from Washington to investigate a land swindle scheme under the direction of town boss James Kincaid (Forrest Taylor).",1933,,53,"['western', 'music', 'romance']",['US'],,tt0024500,5.4,1069.0,4.943,5.5
tm87209,The Miracle Kid,MOVIE,A young boxer finds his life turned upside down when he meets with sudden success in the ring.,1941,,69,"['comedy', 'sport', 'action', 'romance']",['US'],,tt0035067,5.5,44.0,1.251,5.0
tm1786,The Adventures of Tartu,MOVIE,"British Captain Terence Stevenson (Robert Donat) accepts an assignment even more dangerous than his everyday job of defusing unexploded bombs. Fluent in Romanian and German and having studied chemical engineering, he is parachuted into Romania to assume the identity of Captain Jan Tartu, a member of the fascist Iron Guard. He makes his way to Czechoslovakia to steal the formula of a new Nazi poison gas and sabotage the factory where it is being manufactured.",1943,,91,"['war', 'romance', 'thriller', 'drama']",['GB'],,tt0035612,7.0,994.0,1.81,6.3
tm41414,The Medicine Man,MOVIE,The son and daughter of an abusive shopkeeper turn to a medicine show salesman for help.,1930,,66,"['comedy', 'romance']",['US'],,tt0021134,4.9,249.0,2.306,5.0
tm115760,Let's Sing Again,MOVIE,An orphan (Eight-year-old boy soprano Bobby Breen) gets a chance to sing opera in New York.,1936,,70,"['music', 'family', 'drama']",['US'],,tt0027882,5.7,77.0,0.857,3.0
tm2209,A Study in Scarlet,MOVIE,"In London, a secret society led by lawyer Thaddeus Merrydew collects the assets of any of its deceased members and divides them among the remaining members. Society members start dropping like flies. Sherlock Holmes is approached by member James Murphy's widow, who is miffed at being left penniless by her husband. When Captain Pyke is shot, Holmes keys in on his mysterious Chinese widow as well as the shady Merrydew. Other members keep dying--Malcom Dearing first, then Mr. Baker. There is also an attempt on the life of young Eileen Forrester, who became a reluctant society member upon the death of her father. Holmes' uncanny observations and insights are put to the test.",1933,G,72,['thriller'],['US'],,tt0024625,5.6,948.0,2.317,5.5
tm80902,That Gang of Mine,MOVIE,"A street kid has dreams of becoming a jockey. He gets his chance when he and his gang discover a poor old man who has a championship race horse. The man agrees to let the boy ride his horse in a race, but first the gang must get enough money to pay for the race's entry fees.",1940,,62,"['comedy', 'drama', 'sport']",['US'],,tt0033144,5.7,536.0,2.367,6.0
tm104703,Nomads of the North,MOVIE,A Canadian Mountie allows an innocent fugitive to escape with the women he loves.,1920,,109,"['romance', 'drama']",['US'],,tt0011513,5.7,263.0,0.6,5.7
tm4855,Dark Mountain,MOVIE,"A woman doesn't realize that the man she has just married is a gangster. When she is implicated in a murder he committed, she turns to an ex-boyfriend, who is now a park ranger, for help. He hides her out in a cabin up in the mountains, and her husband goes on the hunt for both of them.",1944,,57,"['drama', 'crime']",['US'],,tt0036743,5.4,261.0,1.302,5.5
tm437701,A Night at the Follies,MOVIE,"A burlesque stage show at the Follies Theater in Los Angeles, California, featuring the original Hubba-Hubba Girl, Evelyn West.",1947,,64,['music'],['US'],,tt0147089,5.2,13.0,0.805,
tm35201,Reaching for the Moon,MOVIE,"Wall Street wizard, Larry Day, new to the ways of love, is coached by his valet. He follows Vivian Benton on an ocean liner, where cocktails, laced with a ""love potion,"" work their magic. He then loses his fortune in the market crash and feels he has also lost his girl.",1930,,91,"['romance', 'comedy']",['US'],,tt0021287,5.5,426.0,1.813,6.1
tm74487,Private Snuffy Smith,MOVIE,A hillbilly moonshiner enlists in the army. Monogram Pictures' comedy was inspired by the then-popular comic strip character.,1942,,67,"['comedy', 'war', 'romance']",['US'],,tt0035220,4.5,151.0,1.022,3.4
tm71370,Hay Foot,MOVIE,"Colonel Barkley is very proud of his assistant, Sergeant Doubleday, who has a photographic memory. Doubleday shows off his book knowledge on firearms during a class given by Sergeant Ames, embarrassing him. Through a series of misunderstandings, Colonel Barkley thinks the gun shy Doubleday is an expert marksman, and he sets him up in a shooting match against Ames and Sergeant Cobb.",1942,,48,"['romance', 'comedy']",['US'],,tt0033696,6.0,133.0,2.337,6.0
tm105780,The Star Packer,MOVIE,"John Travers and Yak, his faithful Indian sidekick, pick up where a murdered sheriff leaves off, and try to nab the mysterious Shadow.",1934,,53,"['western', 'romance', 'action']",['US'],,tt0025830,5.2,1114.0,4.533,4.4
tm89557,The Kid from Brooklyn,MOVIE,"Shy milkman Burleigh Sullivan accidentally knocks out drunken Speed McFarlane, a champion boxer who was flirting with Burleigh's sister. The newspapers get hold of the story and photographers even catch Burleigh knock out Speed again. Speed's crooked manager decides to turn Burleigh into a fighter. Burleigh doesn't realize that all of his opponents have been asked to take a dive. Thinking he really is a great fighter, Burleigh develops a swelled head which puts a crimp in his relationship with pretty nightclub singer Polly Pringle. He may finally get his comeuppance when he challenges Speed for the title.",1946,,113,"['comedy', 'music', 'sport']",['US'],,tt0038668,6.5,1165.0,1.23,6.3
tm5718,Under Western Stars,MOVIE,"In his starring debut, Roy gets elected to Congress in order to bring water to the ranchers in his district. In Washington, he learns he needs the backing of a key congressman and gets that man to go west for an inspection trip. When the congressman is initially unimpressed, Roy gets the inspection party stranded without water to show the true conditions.",1938,,65,"['western', 'music', 'action']",['US'],,tt0030910,5.9,362.0,2.017,5.9
tm231186,Fighting Mad,MOVIE,"Ann Fenwick is a witness to a bank robbery in the U.S. and the bandits, led by Trigger (Warner Richmond) and Leon (Ted Adams) capture her and when she disappears, a warrant is issued for her arrest as a material witness. The bank robbers flee across the border into Canda where they steal a trailer in which they lock Ann and the loot. The hitch breaks and the trailer plunges into a lake. Sergeant Renfrew (James Newill) and Constable Kelly (Dave O'Brien), of the Canadian Mounties,rescue Ann and she tells them she is a hitch-hiking tourist and gives a false name. Renfrew sends Kelly for aid, Ann escapes and Kelly returns with the news that she is wanted. The leader of the gang, Cardigan (Milburn Stone), sends the gang back for Ann and the loot, which Ann has hidden in a trappers cabin, just before Trigger recaptures her. Renfrew goes to her rescue, but is also captured. But reliable Constable Kelly is somewhere in the woods.",1939,,60,"['western', 'action', 'drama', 'music']",['US'],,tt0031305,5.5,62.0,0.673,5.0
tm3207,Hearts of Humanity,MOVIE,"Genial Irish NYC policeman Tom O'Hara is looking forward to the arrival of his wife and their young son, Shandy from Ireland. Several days before the ship is to dock, O'Hara gets a radiogram informing him that his wife has died at sea. That night a burglar breaks into the Antigue & Second Hand Shop ran by Sol Bloom, directly below O'Hara's flat. The burglar shoots O'Hara, who has rushed to his friend's aid, and, with his last breath he asks Sol to take care of Shandy. When Shandy arrives, Sol immediately makes him a member of the family, which also consists of a very mischievous motherless boy named Joey Bloom, whose pursuits consist of stealing oranges from fruit-dealer Tony, and playing hookey from school. Tom Varney, the young beat cop, is in love with Ruth Sneider, whose mother runs a Cleaning and Dyeling establishment. Ruth, however, is momentarily dazed with worthless Dave Haller.",1932,,56,['drama'],['US'],,tt0022984,5.9,58.0,1.96,
tm108385,The Kansan,MOVIE,"Wounded while stopping the James gang from robbing the local bank, a cowboy wakes up in the hospital to find that he's been elected town marshal. He soon comes into conflict with the town banker, who controls everything in town and is squeezing the townspeople for every penny he can get out of them.",1943,,79,"['romance', 'western', 'action']",['US'],,tt0036065,5.6,390.0,1.962,5.0
tm88242,Bells of San Angelo,MOVIE,Gridley is mining silver from an old Mexican mine and bringing it into the USA thru a passage into his worthless mine. Border guard Rogers suspects Gridley and finally finds the secret entrance to the Mexican mine. He sends Lee Madison for help only to have her captured by Gridley. Trigger brings help that takes care of Gridley's men and now Roy has to rescue Madison.,1947,,74,['western'],['US'],,tt0039180,5.6,374.0,2.784,4.2
tm89625,Dick Tracy Meets Gruesome,MOVIE,"A gang of criminals, which includes a piano player and an imposing former convict known as 'Gruesome', has found out about a scientist's secret formula for a gas that temporarily paralyzes anyone who breathes it. When Gruesome accidentally inhales some of the gas and passes out, the police think he is dead and take him to the morgue, where he later revives and escapes. This puzzling incident attracts the interest of Dick Tracy, and when the criminals later use the gas to rob a bank, Tracy realizes that he must devote his entire attention to stopping them.",1947,,65,"['thriller', 'action', 'crime', 'drama']",['US'],,tt0039320,6.1,1671.0,4.194,5.3
tm137407,"Dance, Girl, Dance",MOVIE,"Vaudevillian Joe Pitt sweeps young Sally Patter off of her feet and steals the lovestruck girl away from her small-town family to join his act. She winds up heartbroken, pregnant and broke when Joe runs off with the magician's sexy assistant. Sally bravely persists and her immense dancing and singing talent gain the notice of prominent producer, Wade Valentine. Under Valentine's tutelage, she rockets to Broadway stardom while Joe Pitt is reduced to waiting on tables. Alone, Sally proudly gives birth to a baby son. Wade proposes marriage to his beloved protege and it appears that Joe Pitt may never learn about the son he has fathered.",1933,,74,['music'],['US'],,tt0023925,5.7,50.0,1.376,4.0
tm67087,Springtime in the Rockies,MOVIE,"Ranch owner Sandra, fresh from animal husbandry school, brings a flock of sheep into cattle country. The local ranchers don't like it, and ranch foreman Gene must deal with it.",1937,,60,"['western', 'romance', 'action', 'comedy', 'music']",['US'],,tt0029602,5.6,162.0,1.96,7.0
tm111056,Riders of the Deadline,MOVIE,"When Ranger Hoppy's falsely accused young ranger friend is killed while supposedly trying to escape from jail, Hoppy is blamed and drummed out of the Texas Rangers.",1943,,70,"['western', 'drama']",['US'],,tt0037224,6.4,203.0,1.08,3.7
tm115997,The Bold Caballero,MOVIE,"The Commandant is making life rough for the colonials in Spanish California. While trying to help, Zorro is charged with the murder of the new Governor, but in the end he triumphs over the evil Commandant.",1936,PG-13,67,"['western', 'action', 'comedy', 'romance']",['US'],,tt0027377,5.7,214.0,2.611,6.0
tm66425,Rhythm in the Clouds,MOVIE,"Judy Walker is a poor songwriter who, through mistaken identity, gets her songs played on the radio.",1937,,62,"['comedy', 'music', 'romance']",['US'],,tt0029482,5.6,216.0,0.625,5.0
tm76257,British Intelligence,MOVIE,"During WWI pretty German master spy Helene von Lorbeer is sent undercover to London to live with the family of a high-placed British official where she is to rendezvous with the butler Valdar, also a spy, and help him transmit secret war plans back to Germany.",1940,,61,"['action', 'romance', 'thriller', 'war']",['US'],,tt0032283,6.1,1084.0,3.037,6.1
tm8756,Tarzan and the Green Goddess,MOVIE,"Tarzan retells the story of a trip to Guatemala in which the ape-man had gone to aid a friend in searching for a very valuable totem pole called the Green Goddess. Second of two feature versions of the 1935 serial film ""The New Adventures Of Tarzan"", culled from the serial's last 10 episodes.",1938,,72,"['action', 'family']",['US'],,tt0030832,4.5,520.0,0.839,5.0
tm213897,Western Mail,MOVIE,"Working undercover, Allen and sidekick Mendoza are out to stop the mail train robberies. Rivers and his gang are the culprits and by joining up with them, they hope to get the evidence they need.",1942,,54,"['western', 'action', 'comedy', 'romance']",['US'],,tt0035544,5.3,88.0,0.732,5.0
tm110887,Man from Music Mountain,MOVIE,"Roy returns home to fine a range feud between the cattlemen and the sheepmen. When his friend is killed he finds the rifle had a defective pin. He learns the rifle belongs to a ranch hand named Barker and that a third party has caused the feud. When he captures outlaws trying to blow up a dam, he claims Barker was the killer. But Barker has switched rifles and the outlaws now accuse Roy and Roy finds himself in trouble.",1943,,71,"['western', 'music', 'action']",['US'],,tt0036132,6.3,67.0,3.203,5.0
tm68711,When's Your Birthday?,MOVIE,Some shady characters discover that a sad sack nightclub bus boy has the ability to predict outcomes of races and other events through astrology.,1937,,75,"['comedy', 'sport', 'romance']",['US'],,tt0029764,5.5,186.0,1.192,
tm95443,Monte Carlo Nights,MOVIE,A man wrongfully convicted of murder escapes custody and goes in search of the real killer. The problem is that he only has one clue to go on.,1934,,62,"['thriller', 'romance']",['US'],,tt0025514,5.0,144.0,1.207,5.9
tm17996,To the Shores of Iwo Jima,MOVIE,Documentary short film depicting the American assault on the Japanese-held island of Iwo Jima and the massive battle that raged on that key island in the Allied advance on Japan. Four cameramen died bringing this footage to the public,1945,,20,"['documentation', 'war']",['US'],,,,,0.768,7.0
tm110556,Submarine Alert,MOVIE,"Nazi spies use a stolen shortwave transmitter prototype to broadcast top secret shipping info to an offshore Japanese sub. To nab the spy ring, the Government has the West Coast's top radio engineers fired and shadowed to see if the Nazis recruit them to complete work on the prototype radio. Radio engineer Lew Deerhold, a resident alien without a job to pay for his adorable little ward Gina's life-saving operation, falls prey to the spy ring, and is swept up in a maelstrom of deceit and danger.",1943,,66,"['thriller', 'war']",['US'],,tt0036397,5.4,321.0,1.655,4.5
tm117717,Leather Burners,MOVIE,"As rustled cattle have mysteriously disappeared, Johnny sends for his friend Hoppy, Hoppy arrives and immediately suspects Dan Slack. Realizing his telegram about Slack was intercepted, he locks up the operator Lafe knowing he can escape. Tailing Lafe he finds a secret entrance to a mine and inside finds the missing cattle. But Slack's men also find him just as the cattle are stampeded through the mine shaft.",1943,,68,"['western', 'action']",['US'],,tt0036103,6.4,205.0,2.089,6.5
tm19409,Delightfully Dangerous,MOVIE,"Young Sherry Williams dreams of having a singing career, and she idolizes her older sister Josephine, who has gone to New York to perform on the stage. When Sherry is distraught just before performing at her school, a visiting Broadway producer encourages her by telling her positive things about her sister. Soon afterwards, Sherry decides to make a surprise trip to New York to visit Josephine - but what she finds there is not at all what she expected",1945,,92,"['comedy', 'music', 'romance']",['US'],,tt0037636,6.0,290.0,1.28,5.8
tm67133,Renfrew of the Royal Mounted,MOVIE,"Counterfeit bills are being printed in Canada and shipped across the border hidden in blocks of ice. When the counterfeiters force engraver Bronson to make a new plate, he inscribes a tiny help message on it. Renfrew catches a henchman who has one of the new bills. A magnifying glass lets him read the message and he heads out alone to round up the counterfeiters.",1937,,54,"['western', 'action', 'crime', 'music']",['US'],,tt0029475,5.7,139.0,1.01,4.5
tm73466,American Empire,MOVIE,"Richard Dix as Dan Taylor and Preston S. Foster as Paxton Bryce are two longtime friends seeking their fortune in Texas after the war. The two men decide, not without problems, to establish a cattle empire. Paxton becoming too ambitious, distances himself from Dan and Abby, Paxton's wife. It will only be after a personal tragedy that he will come back to his senses.",1942,,82,['western'],['US'],,tt0034455,5.6,275.0,2.413,3.5
tm62855,My Dear Secretary,MOVIE,"A budding young writer thinks it's her lucky day when she is chosen to be the new secretary for Owen Waterbury, famous novelist. She is soon disppointed, however, when he turns out to be an erratic, immature playboy. Opposites attract, of course, but not without sub-plots that touch on competitiveness within marriage and responsibility.",1948,,94,"['drama', 'romance', 'comedy']",['US'],,tt0040626,5.7,1039.0,2.415,5.9
tm18966,D-Day: The Normandy Invasion,MOVIE,"Focusing on both the strategic overview of the military invasion and on personal stories of heroism, this documentary delves into the events of June 6, 1944, and the Normandy invasion. Taking the Germans by surprise, Allied soldiers marched onto France's shores and began the assault that ultimately ended World War II. Stories include the Allied landing at Omaha Beach, French liberation celebrations, valor at Pointe du Hoc and much more.",1945,,21,[],[],,,,,0.6,8.0
tm7709,Money Madness,MOVIE,A murderous bank robber on the run from the law hides out in a small town.,1948,,73,['thriller'],['US'],,tt0040604,5.9,235.0,1.035,4.3
tm84001,Flying Blind,MOVIE,"A spy steals a secret military device, then hijacks an airliner to get away. The airliner crashes in the wilderness & the survivors are threatened by a raging forest fire.",1941,,69,"['drama', 'action', 'comedy']",['US'],,tt0033611,4.6,123.0,1.211,
tm83465,Sunny,MOVIE,"Sunny is a 1941 film American film directed by Herbert Wilcox. It was adapted by Sig Herzig from the Jerome Kern-Oscar Hammerstein II musical play Sunny. It stars Anna Neagle, Ray Bolger, John Carroll, Edward Everett Horton, Grace Hartman, Paul Hartman, Frieda Inescort, and Helen Westley.",1941,,98,[],['US'],,tt0034243,5.4,196.0,1.374,6.0
tm148306,Don Q Son of Zorro,MOVIE,"Don Cesar De Vega crosses swords with a vicious member of the Queen's Guard, and steals the affection of a young heiress. When the officer frames the young upstart for murder, Don Cesar fakes his own death and retreats to the crumbling ruins of the family castle he plots his vengeance.",1925,,111,"['western', 'romance']",['US'],,tt0015759,6.9,505.0,2.978,6.8
tm74576,The Fatal Hour,MOVIE,"When a police officer is murdered, Captain Street looks to Mr. Wong to catch the killer. Prime Suspect: Frank Belden Jr., whose father is a businessman well known for both his success and dishonesty. Mr. Wong faces increasing danger and is nearly executed himself as the investigation develops in treachery and complexity. As Mr. Wong follows the trail of dead bodies, he uncovers a jewel smuggling ring on the San Francisco waterfront and a case much larger than the death of a police officer.",1940,,68,"['thriller', 'drama', 'crime']",['US'],,tt0032457,5.4,1125.0,2.484,6.2
tm6734,I Met My Love Again,MOVIE,"In Vermont, college student Ives Towner refuses to marry his longtime girlfriend, Julie Weir, until he has a career. Soon after, Julie meets and grows infatuated with handsome writer Michael Shaw, and they marry and move to Paris. Years later, after Michael's accidental death, Julie and her daughter move back to Vermont to live with her aunt and Julie finds Ives, now a professor, disinterested in resuming their romantic relationship.",1938,,77,"['romance', 'drama']",['US'],,tt0030256,5.5,347.0,2.195,5.7
tm35699,The Devil to Pay!,MOVIE,"Spendthrift Willie Hale again returns penniless to the family home in London. His father is none too pleased, but Willie smooth-talks him into letting him stay. At the same time he turns the charm on Dorothy Hope, whose father is big in linoleum and who, before Willie's arrival, was about to become engaged to a Russian aristocrat.",1930,,72,"['romance', 'comedy']",['US'],,tt0020821,6.6,697.0,3.963,6.6
tm83561,Pride of the Bowery,MOVIE,Muggs is tricked into entering a Civilian Conservation Corps camp by Danny in order to get in shape. Muggs resists and battles with the camp captain and with other campers. He also becomes involved in trying to help one of his friends get out of trouble.,1940,G,68,"['drama', 'comedy']",['US'],,tt0034064,5.8,592.0,1.146,6.3
tm15976,Wildfire,MOVIE,"Fanning has his men rustle horses and then blame it on a wild horse named Wildfire. Happy and Alkali arrive and immediately get into trouble with Fanning and his men. When Alkali is shot, Happy catches the outlaws but the Judge not only releases them, he discharges the Sheriff and tries to arrest Happy for rustling. Happy escapes and he and the Sheriff then set out to prove who the real rustlers are.",1945,,57,"['western', 'drama']",['US'],,tt0881254,3.8,11.0,1.036,
tm36331,The Silent Enemy,MOVIE,"In the Canadian Northwest, the Chippewa tribe struggles to find food before the onset of winter.",1930,,84,"['drama', 'romance']","['CA', 'US']",,tt0020405,6.9,238.0,1.959,6.8
tm160639,Bulldog Drummond's Bride,MOVIE,Hugh “Bulldog” Drummond is on the precipice of matrimony to his beloved Phyllis -- but a bank robbery and a daring escape is going to get in their way before they reach the altar.,1939,,56,"['thriller', 'action', 'crime', 'romance', 'comedy']",['US'],,tt0031681,6.1,459.0,1.624,6.4
tm63433,Meet the Boy Friend,MOVIE,"A heartthrob singer, Tony Paige, also known as ""America's Boyfriend"" decides to wed a Swedish actress. His manager doesn't want this because he is afraid of Tony losing female fans so he takes up a 300 hundred thousand dollar insurance policy if Tony does in fact wed. Tony soon meets a girl name June Delaney on a bus who doesn't swoon over him like other girls. He falls for her but doesn't know her true identity.",1937,,53,"['romance', 'comedy', 'music']",['US'],,tt0029223,5.9,115.0,0.84,6.0
tm8006,Bar 20 Justice,MOVIE,"Hoppy's friend Dennis owns a rich gold mine. Frazier who owns the adjoining mine and wants the Dennis mine, has Dennis killed. Hoppy steps in to take over running the Dennis mine and learns Frazier's men sneak into and work the Dennis mine at night. Hoppy captures one of Frazier's men only to be captured in return by Frazier and left to die in a burning building.",1938,,70,"['western', 'drama', 'action']",['US'],,tt0029895,6.5,172.0,1.165,
tm264738,Target for Today,MOVIE,"A bombing mission over Germany by the American Eighth Air Force, from the initial planning for the mission through final completion, with all of its intricacies from beginning to end.",1944,,90,"['war', 'documentation', 'history']",['US'],,tt0250024,7.0,55.0,0.6,
tm8477,The Great Gabbo,MOVIE,"For the ventriloquist Gabbo his wooden dummy Otto is the only means of expression. When he starts relying more and more on Otto, he starts going mad.",1929,,94,"['drama', 'romance']",['US'],,tt0019946,6.0,887.0,3.156,5.5
tm71842,Sunset on the Desert,MOVIE,"Judge Kirby is being blackmailed and forced to let outlaws go free. He was once the partner of Roy's father and when Roy reads in the paper that he is in trouble he heads out to help him. Arriving, Roy quickly realizes he has been mistaken for one of the outlaws and is not wanted in town. However he stays, and now posing as that outlaw, hopes to learn who is causing all the problems.",1942,,63,"['western', 'action', 'music', 'comedy']",['US'],,tt0035397,6.3,102.0,0.785,5.7
tm118254,Winds of the Wasteland,MOVIE,The arrival of the telegraph put Pony Express riders like John Blair and his pal Smoky out of work. A race will decide whether they or stageline owner Drake get the government mail contract.,1936,,54,"['western', 'romance', 'comedy']",['US'],,tt0028510,6.0,1018.0,3.577,5.5
tm215787,The Kid Ranger,MOVIE,"Ranger Ray plans to marry stage driver Bill Mason's daughter Mary, but there are problems ahead....",1936,,57,"['drama', 'western', 'romance']",['US'],,tt0027842,6.1,52.0,0.83,
tm6064,Sex Madness,MOVIE,"A young beauty queen travels to New York to further her modelling career, but contracts syphilis after being tricked into a sexual encounter. She is torn between the prospect of a slow, intensive but proven therapy and a supposed miracle cure.",1938,,57,['drama'],['US'],,tt0147467,2.8,913.0,2.21,2.7
tm139538,Jungle Bride,MOVIE,"Four survivors of a ship wreck are stranded on a deserted island, including a woman and the man she believes is responsible for the murder which her brother is in prison for.",1933,,63,"['crime', 'drama']",['US'],,tt0024199,5.1,183.0,1.163,5.3
tm162468,The Courageous Avenger,MOVIE,"Kirk Baxter has been sent to investigate murder and robbery involving gold shipments. Identifying a gang member by his bullets, he uses that man's horse to locate and join the gang. He learns the gang is tipped off to the shipments by a mine employee using carrier pigeons. But the next message reveals his true identity and he is made a prisoner.",1935,,59,['western'],['US'],,tt0026241,5.5,88.0,0.651,5.0
tm4045,"Come On, Tarzan",MOVIE,"Ken Maynard's exceptionally intelligent horse, Tarzan the Wonder Horse, is the star of this western about evil cowboy Steve Frazer (Welch) who gathers horses for slaughter, whose meat is sold to pet food manufacturers. The wild horse Tarzan frees the doomed horses from their corrals, and Frazer convinces the Sheriff that Tarzan is a threat and can be shot on sight. Local cowboy Ken Benson (Maynard) and rancher Pat Riley (Kennedy) work together to clear Tarzan's good name and put Frazier behind bars for his evil deeds.",1932,,61,"['western', 'action']",['US'],,tt0022773,6.5,73.0,1.163,
tm106911,The Love Flower,MOVIE,"A man murders his wife's lover and escapes with his daughter to the South Pacific. A detective pursues him, joined by a young man who eventually falls in love with the daughter.",1920,,104,['drama'],['US'],,tt0011415,6.0,159.0,1.175,4.4
tm110878,Corregidor,MOVIE,"A doctor and his staff in a hospital on the Philippine island of Corregidor shortly after the Japanese attack on Pearl Harbor try to treat the sick, injured and wounded as American and Filipino troops desperately try to beat back a ferocious Japanese attack.",1943,,73,"['drama', 'romance', 'war']",['US'],,tt0035755,4.7,294.0,0.991,5.5
tm59956,Riders in the Sky,MOVIE,"When asked about the Ghost Riders song he sings, Gene Autry tells this legend: Gene is about to resign as an investigator for the county attorney and go into the cattle business with his pal Chuckawalla Jones but decides instead to help Anne Lawson clear her father, rancher Ralph Lawson, of a false murder charge. He looks for the three witnesses who can testify that Lawson shot only in self defense in killing a gambler, but the witnesses are terrorized by another gambler, town boss Rock McCleary, who shoots witness Pop Roberts Morgan. Fatally wounded, Pop gives Gene the information needed to clear Lawson, then dies crying the ""Ghost Riders"" are coming for him. Gene then heads for a showdown with McCleary.",1949,,69,['western'],['US'],,tt0041807,6.6,160.0,1.96,5.2
tm69903,Dr. Kildare's Strange Case,MOVIE,"Kildare tries brain surgery, advised by Dr. Gillespie, and faces a rival for nurse Lamont.",1940,,77,"['drama', 'crime']",['US'],,tt0032416,6.0,514.0,4.094,4.5
tm3703,A Strange Adventure,MOVIE,A police lieutenant and a female reporter investigate a series of murders committed by a hooded killer in an old dark house.,1932,,60,"['romance', 'thriller']",['US'],,tt0023520,5.1,186.0,1.4,
tm95851,Bush Pilot,MOVIE,"Two pilots, who happen to be half-brothers, compete for the same girl as well as the same air cargo assignment.",1947,,58,['action'],"['CA', 'US']",,tt0039232,5.3,91.0,0.988,4.7
tm63689,Western Gold,MOVIE,"President Lincoln personally sends Bill Gibson west to see if he can stop the holdups of the needed shipments of gold. There he meets his boyhood friend Foster. When all others refuse to take out the next gold shipment due to the killings, Bill volunteers. Jeannie, afraid for his safety, tells Foster of Bill's secret route not knowing Foster is the leader of the outlaw gang.",1937,,57,['western'],['US'],,tt0029756,5.5,37.0,1.4,
tm8314,High Voltage,MOVIE,"A busload of passengers gets stranded in a snowstorm and take refuge in an abandoned church, where they run into a mysterious man who may be on the run from the law.",1929,,63,"['drama', 'crime', 'romance', 'comedy']",['US'],,tt0019983,5.3,367.0,0.6,4.3
tm82196,Colorado,MOVIE,"Trouble in Colorado is tying up Union troops needed back east during the Civil War and Lieut. Burke is sent to investigate. Macklin and his gang are causing the problems and Capt. Mason joins them. When Burke catches up with them he also finds Mason, his brother.",1940,G,54,"['action', 'western', 'drama', 'romance', 'comedy']",['US'],,tt0032346,5.9,263.0,1.274,5.7
tm76127,The Panther's Claw,MOVIE,"The police arrest a man climbing over the wall of a cemetery after midnight. He claims that he is being blackmailed and is following instructions he received by mail to leave $1000 on a certain grave. It turns out that he's not the only one who got a blackmail letter from the same person--calling himself ""The Black Panther""--and it also turns out that all the recipients are connected to an opera company.",1942,,70,"['thriller', 'crime']",['US'],,tt0035171,5.7,251.0,1.465,5.0
tm418595,Sarumba,MOVIE,"Sailor meets singer in Cuba. He's due to ship out, but hits it off with her, so he sticks around. Trouble brewing on many fronts - singer's best friend doesn't like the sailor, and singer has another suitor anyway. Rich guy takes her to all the fancy Cuban sports events - jai-alai, horse racing. Much more glamorous than spending time with Sailor. Can he win her over before he gets in trouble for letting his ship sail without him?",1950,,65,['drama'],['US'],,tt0042924,4.2,28.0,0.6,6.0
tm78463,Broadway Limited,MOVIE,"A publicity stunt staged on a train known as the Broadway Limited gets out of control, as no one wants to be responsible for the baby that was brought in for it.",1941,,75,"['romance', 'comedy']",['US'],,tt0033435,5.7,337.0,1.525,5.3
tm83413,Fiesta,MOVIE,"Cholita, after a long absence in Mexico City, is returning home to take up her duties as head of the rancho and, as everyone expects, to marry her childhood sweetheart José. Expectations are somewhat dashed as she shows up with Fernando to whom she is engaged. This makes José and Cholita's uncle more than a little bit put out as Fernando is not only not a Mexican, he is also a city slicker afraid of the country.",1941,,45,"['western', 'comedy', 'music', 'romance']",['US'],,tt0034730,4.7,138.0,1.018,5.0
tm74984,Stella Maris,MOVIE,"Stella Maris is a beautiful, crippled girl, who is cared for by a rich family. They shield her from the harsh realities of the world, so that she has no idea of the cruel things that some people do. Unity Blake is a poor orphan all too familiar with the harsh realities of the real world. These two young women both fall in love with John, love which is complicated by the fact that he is still married to (though separated from) a bad wife.",1918,,84,['drama'],['US'],,tt0009652,6.9,1472.0,2.153,6.9
tm66265,The Big Wheel,MOVIE,The ambitious son of an accomplished race driver struggles to outrun his father's legacy and achieve his own successes.,1949,,92,"['romance', 'action', 'drama', 'sport']",['US'],,tt0041179,5.6,530.0,2.571,6.0
tm8966,Spirit of Youth,MOVIE,"The story of the rise of boxer Joe Thomas, which paralleled the life of Joe Louis.",1938,,66,"['drama', 'sport']",['US'],,tt0030781,5.3,150.0,2.36,6.0
tm84294,Breakfast in Hollywood,MOVIE,"The goings on of a few members of a radio show's audience is the premise for this feature film derived from the popular ABC radio show of the 1940's. This film features Tom Breneman, the radio show's host, as well as Bonita Granville, Beulah Bondi, Zasu Pitts, Billie Burke and Hedda Hopper. Musical performances are provided by Nat King Cole and the King Cole Trio, along with Spike Jones and his City Slickers.",1946,,90,"['comedy', 'music']",['US'],,tt0038382,5.6,292.0,1.067,5.5
tm3717,The Yellow Rose of Texas,MOVIE,"Insurance Investigator Roy is looking for Weston and the missing money he supposedly obtained in a robbery. When he catches him and listens to his story, he changes his mind about him. A freak accident locates the missing money box and they find the seal unbroken. Roy then announces the box will be opened at the showboat that evening.",1944,,69,"['western', 'action', 'music']",['US'],,tt0037472,5.4,208.0,1.322,5.0
tm60163,Beyond the Purple Hills,MOVIE,"In a typical western (movie) town (possibly described as 'hick' by someone who possibly hasn't seen the film) Gene Autry and his friend Jack Beaumont are present when the bank is robbed and Sheriff Whiteside is killed. Judge Beaumont, Jack's father, appoints Gene the new sheriff. When Jack learns that his father is making a new will in his disfavor, they quarrel and Jack leaves under suspicious circumstances. Rocky Morgan who has been swindling the judge murders him and Gene has to jail his friend, who thinks Gene is double crossing him. But Gene has a plan to clear Jack.",1950,,69,"['western', 'action', 'music']",['US'],,tt0042244,6.4,111.0,1.4,
tm87516,Melody for Three,MOVIE,"Dr. Christian takes an interest in a young boy, a violin prodigy, whose mother is a divorced music teacher. His interest isn't just in the boy's music career--he believes it would be best for the boy to have his parents back together, and sets out to do just that.",1941,,67,['drama'],['US'],,tt0033898,5.8,113.0,1.172,
tm21652,Rubber Tires,MOVIE,"When the Stack family suffers some financial setbacks, daughter Mary Ellen suggests they buy a car and relocate to California. Unbeknownst to them, their used car is worth more than they ever could have imagined.",1927,,52,['comedy'],['US'],,tt0018350,6.8,80.0,1.271,7.0
tm118821,Hoppy Serves a Writ,MOVIE,"Posing as a cattle buyer, Hoppy crosses over into Oklahoma where the Jordan brother's and their outlaw gang operate outside the law. After receiving an unfriendly reception when he finds them, he, California, and Johnny rustle their cattle and drive across the river into Texas. He hopes they will cross over to retrieve their cattle and then he can arrest them.",1943,,67,"['western', 'action']",['US'],,tt0036016,6.4,246.0,1.39,
tm7526,The Old Barn Dance,MOVIE,Autry and his buddies have a horse selling business which is threatened by a tractor company which claims horses are out of date.,1938,,54,"['western', 'action', 'music', 'romance', 'comedy']",['US'],,tt0029337,5.3,158.0,1.207,5.0
tm7188,Campus Knights,MOVIE,"High-stepper Earl Hastings is continually mistaken for his twin brother, Ezra, a meek professor at a girls' seminary, and his constant flirtations in and around the dormitories--most notably with the daughter of the dean--involve Ezra in several compromising situations. Finally, a woman pursuing Earl for breach of promise unscrambles the twins with the help of the dean's daughter.",1929,,61,['comedy'],['US'],,tt0019743,5.1,15.0,0.841,
tm68639,Lady from Chungking,MOVIE,"In World War II, Chinese guerrillas fight against the occupying Japanese forces. A young woman is the secret leader of the villagers, who plot to rescue two downed Flying Tigers pilots who are currently in the custody of the Japanese. The rescue mission takes on even more importance with the arrival of a Japanese general, which signals a major offensive taking place in the area.",1942,,68,"['drama', 'war', 'thriller']",['US'],,tt0036093,5.4,210.0,1.361,5.4
tm162922,Honeymoon Limited,MOVIE,A publisher bets an author that he won't be able to write a romantic adventure novel while on a walking trip from New York to San Francisco.,1935,,74,"['crime', 'comedy', 'romance']",['US'],,tt0026487,5.5,51.0,1.4,7.0
tm215426,The Woman I Lost,MOVIE,"A political revolutionary fights against injustice, his adoring wife by his side. But only in her death does he realize the depth of her love for him and their country. A dramatic romance from the 23 film library of the most iconic classic Mexican film and recording star, Pedro Infante.",1949,,94,"['crime', 'drama', 'romance', 'war']",['MX'],,tt0041667,7.2,83.0,2.092,8.3
tm110218,Combat America,MOVIE,"Produced in 1943 under the guidance of Army Air Force Lieutenant Clark Gable, this film follows a single 8th Air Force B-17 crew from training through a series of missions over Europe.",1943,,63,"['history', 'war', 'documentation']",['US'],,tt0035745,5.9,122.0,2.345,5.7
tm264853,Hillbilly Blitzkrieg,MOVIE,"Nazi spies mistake Snuffy Smith's moonshine for a new secret rocket fuel and try to steal the ""formula.""",1942,,63,"['comedy', 'romance', 'war']",['US'],,tt0034854,4.7,106.0,0.6,2.0
tm46955,Lonely Wives,MOVIE,A highly respectable lawyer becomes a sexual animal after working hours. Live-in mother-in-law tries to keep him in line.,1931,,85,"['comedy', 'romance']",['US'],,tt0022086,6.3,410.0,1.436,3.8
tm1396,"A Boy, a Girl and a Dog",MOVIE,"During World War II, a young boy and girl, living with their respective families in an apartment house that had restrictions against pets, adopt a lost dog and hide it in a vacant apartment, which may have been the only vacant apartment in the United States at the time this movie was being filmed. A burglar breaks in and the apartment is damaged when the dog and crook have a tussle. This blows the dog's cover, but the kids enlist him in the K-9 Corps, and the dog distinguishes himself in the WWII Italian campaign",1946,,77,"['drama', 'action', 'war']",['US'],,tt0038380,6.7,78.0,2.396,4.5
tm4554,I Accuse My Parents,MOVIE,"Ignored by his alcoholic parents, Jimmy Wilson starts hanging around with some shady characters. After falling in love with a lounge singer, Jimmy tries to impress her by doing jobs for her shady boss. After one of these jobs goes bad, Jimmy ends up on the run. Eventually, he must confront the truth, his past, and his parents. The judge cites parental neglect in the case of a teenager (John Miljan) charged with murder.",1944,,68,"['drama', 'crime']",['US'],,tt0037798,2.6,2972.0,2.238,2.7
tm6440,The Hurricane Express,MOVIE,"The Wrecker wrecks trains on the L & R Railroad. One of his victims is Larry Baker's father. Baker wants to find the evildoer, among a host of suspects, but it will be difficult since the Wrecker can disguise himself to look like almost anyone",1932,,79,"['crime', 'thriller', 'drama', 'action']",['US'],,tt0023038,5.3,586.0,2.05,5.2
tm265101,Fangs of the Wild,MOVIE,Foxes are disappearing from fox farms.,1939,,52,"['western', 'drama']",['US'],,tt0031295,4.9,53.0,1.4,4.5
tm99682,The Man From Utah,MOVIE,"The Marshal sends John Weston to a rodeo to see if he can find out who is killing the rodeo riders who are about to win the prize money. Barton has organized the rodeo and plans to leave with all the prize money put up by the townspeople. When it appears that Weston will beat Barton's rider, he has his men prepare the same fate for him that befell the other riders.",1934,G,55,"['action', 'drama', 'western', 'crime', 'romance', 'sport']",['US'],,tt0025455,5.1,1138.0,2.972,4.9
tm102781,Headin' Home,MOVIE,"The ""true story"" of baseball great Babe Ruth; Ruth plays himself.",1920,,71,"['comedy', 'drama', 'sport']",['US'],,tt0011267,5.2,296.0,1.903,5.2
tm160248,Navy Secrets,MOVIE,"After a stamp-collecting Navy chief petty officer is jailed following FBI and Naval Justice investigation, his fiancee meets one of his fellow officers, becomes romantically interested in him, and joins him in trying to get an envelope, believed to contain rare stamps, to its intended recipient, only to end up in a web of intrigue involving foreign-accented men who are unusually interested in that simple envelope.",1939,,62,"['drama', 'crime', 'romance', 'thriller']",['US'],,tt0031715,5.7,88.0,1.215,
tm17225,Bells of Rosarita,MOVIE,"Sue Farnum inherits a circus, but her dead father's partner is trying to take it away from her. Roy and Bob Nolan are filming a movie on location at the circus. They and a number of other western movie stars come to Sue's aid, putting on a show and catching the bad guys.",1945,,68,"['western', 'action', 'music']",['US'],,tt0037535,6.2,202.0,1.644,5.7
tm117167,Born to Fight,MOVIE,"An honest boxer refuses to throw a fight for a gambler. They get into a fight and the boxer knocks the gambler out. Thinking he's killed him and believing that the police are after him, the horrified boxer runs off and takes to the road, promising never to box again. However, one day he comes upon a small but scrappy young kid who has the potential to be a champion. The former boxer takes the kid under his wing and trains him, but the kid's ensuing success starts to go to his head. Pretty soon he finds himself mixed up with gamblers, too.",1936,,65,"['drama', 'romance', 'sport', 'crime']",['US'],,tt0027386,5.8,76.0,0.6,
tm147099,Tumbleweeds,MOVIE,"William S. Hart stars in this 1925 silent film as a cowboy intent on claiming land during the 1889 land rush in the Oklahoma Territory. Though hardened from years of taming the new frontier, he falls in love with a beautiful woman. Before he settles down, however, he must contend with men who wish to bring him harm. In the prologue of the 1939 Astor Pictures revival of this film, Hart gives a moving eight-minute introduction-- the first and only time he appeared in a film accompanied by his striking voice.",1925,,79,"['western', 'drama', 'romance', 'action']",['US'],,tt0016461,6.5,614.0,2.292,6.1
tm15833,The Stork Club,MOVIE,"Director Hal Walker's 1945 musical comedy stars Betty Hutton as a hat-check girl at New York City's famous nightclub. The cast also includes Barry Fitzgerald, Don Defore, Andy Russell, Iria Adrian and Robert Benchley.",1945,,90,"['comedy', 'romance']",['US'],,tt0038119,6.4,665.0,3.377,5.7
tm4655,San Fernando Valley,MOVIE,A ranch owner fires his ranch hands and brings in women to replace them. The owner's daughter wants the male hands back and comes up with a plan to do it.,1944,,74,['western'],['US'],,tt0037245,6.6,96.0,0.6,
tm5604,Trade Winds,MOVIE,"After committing a murder, Kay assumes a new identity and boards a ship. But, Kay is unaware that Sam, a skirt chasing detective, is following her and must outwit him to escape imprisonment.",1938,,93,"['romance', 'drama']",['US'],,tt0030888,6.3,585.0,1.626,6.7
tm88313,Queen of the Amazons,MOVIE,"Jean Preston is determined to find her fiancée, Greg Jones, who went on a safari and didn’t come back when expected. She travels to Akbar, India with Greg’s father, Colonel Jones, Wayne Monroe and the Professor. She asks about Jones at the front desk of the hotel where she stays.",1947,,61,['action'],['US'],,tt0039743,3.6,825.0,1.021,3.2
tm137238,Reckless Decision,MOVIE,"The teenage daughter of a puritanical Reverend promises him she will not marry until she is older, but after a night of heavy drinking she wakes up to find she has a husband.",1933,,67,['drama'],['US'],,tt0129334,4.4,66.0,0.6,
tm6772,Who Killed Doc Robbin?,MOVIE,"A group of people find themselves trapped in a creepy mansion, complete with secret passageways, a mad doctor and a murderous gorilla.",1948,,55,"['comedy', 'crime', 'family']",['US'],,tt0040966,4.6,291.0,1.395,3.8
tm67973,Bulldog Drummond Escapes,MOVIE,Drummond manages to save a woman from jumping in front of his car but she runs away with his car. He traces her and she asks him to help her out of a dangerous situation.,1937,,67,"['thriller', 'romance']",['US'],,tt0028668,6.0,918.0,2.402,6.0
tm64949,State Department: File 649,MOVIE,"Kenneth Seeley, member of the U. S. State Department's Foreign Service Bureau, and Marge Weldon, a morale worker with the bureau, are assigned to an area in Mongolia dominated by an outlaw warlord. The latter captures the village where they reside and when escape is clearly impossible, Seeley blows up the outlaw's headquarters, losing his own life in doing so.",1949,,87,"['action', 'drama', 'romance', 'thriller', 'war']",['US'],,tt0041918,4.7,178.0,1.716,5.0
tm163511,Paradise in Harlem,MOVIE,It is the story of a comedian Lem Anderson who dreams of playing in Shakespeare scenes but he is applied only role in Harlem Vaudeville. One day he is the witness of a crime and the mobster strongly advised him to leave the town...,1939,,85,"['drama', 'comedy']",['US'],,tt0031784,5.0,118.0,0.745,6.3
tm89198,Danger Street,MOVIE,"Magazine owners (Jane Withers, Robert Lowery) sell a revealing photo, then play detective when the deal leads to murder.",1947,,68,"['crime', 'comedy', 'drama']",['US'],,tt0039298,5.5,87.0,0.954,
tm113154,The House of Secrets,MOVIE,"Two men stumble into an old mansion, and get involved with a crazed scientist, torture chambers and sinister medical experiments.",1936,,70,['thriller'],['US'],,tt0029028,5.0,392.0,1.664,5.6
tm215295,Swamp Fire,MOVIE,"Highlights in this one include a fist-fight between Johnny Weissmuller and Buster Crabbe (I won't give away the winner, but check the cast order); a cat-fight between Virginia Grey and Carol Thurston that the male cast of Sienfeld would pay to see and, just to keep things moving, Weissmuller wrestles an alligator, and there are two mid-water collisions between small-craft boats, a big ship wreck and a blazing swamp fire finale. Toss in a plot that has Weissmuller as a psycho-neurotic war veteran who, because he piled up his Navy destroyer on the rocks, now dreads returning to his pre-war occupation of a pilot guiding ships through the channels at the mouth of the Mississippi. Throw in icy Virginia Grey as a spoiled heiress out to take Johnny away from his job, his friends and the girl he loves (who knows why), and you have enough plot and action for two Pine-Thomas jewels.",1946,,69,"['drama', 'action']",['US'],,tt0039001,5.5,248.0,1.819,5.1
tm83828,The House Across the Bay,MOVIE,"Nightclub owner Steve Larwitt (George Raft) sees his empire of investments collapse as he faces tax evasion charges and attacks by rivals. Believing Steve will be safer in prison for one year, his wife, Brenda (Joan Bennett), testifies against him on advice from his lawyer, Slant Kolma (Lloyd Nolan), who is in love with her. After Steve receives 10 years in Alcatraz, Brenda moves to be near him and avoids advances of airplane builder Tim Nolan (Walter Pidgeon), who knows nothing about her past.",1940,,88,"['drama', 'romance', 'crime']",['US'],,tt0032609,6.5,558.0,2.338,5.4
tm91085,Behind Green Lights,MOVIE,"An unscrupulous private investigator with a penchant for blackmail is found dead in a car and the leading suspect is Janet Bradley, the daughter of a mayoral candidate. With the election just weeks away, shady and ruthless individuals muscle the medical officer into switching the corpse with another body. Lieutenant Sam Carson, one of the few good apples in the bunch must find a way to get to the bottom of it all.",1946,,64,"['crime', 'drama', 'romance']",['US'],,tt0038346,6.4,897.0,4.123,5.7
tm81236,Hidden Gold,MOVIE,"Hoppy and Lucky have been called in to investigate a series of stage holdups. The robbers are taking gold from Colby's mine and Hoppy suspects it may be ex-outlaw Colby himself. When Speedy strikes gold, Hoppy borrows it and announces a gold shipment hoping to catch the gang and their leader.",1940,,60,"['western', 'comedy']",['US'],,tt0032592,6.3,197.0,1.724,6.0
tm163117,Straight Shooter,MOVIE,"Before he was killed, Martin hid a half million dollars worth of bonds on his ranch. Brainard, who killed him, Inspector Carson posing as Sam Brown, and Martin's niece Margaret all want the ranch, and it's being sold at auction.",1939,PG,54,['western'],['US'],,tt0033104,5.8,76.0,1.4,5.8
tm224003,Sons of New Mexico,MOVIE,"Not quite as memorable as his previous Riders in the Sky, Gene Autry's Sons of New Mexico is still well up to the star's standard. This time, Gene tries to reform Randy Pryor, a would-be juvenile delinquent, played by Autry-protégé Dick Jones (who later starred in the Autry-produced TV series Range Rider and Buffalo Bill Jr). To this end, Pryor is enrolled at the New Mexico Military Institute, where much of this film was lensed. The kid chafes at the school's regimen and escapes, heading back to his criminal mentor Pat Feeney (Robert Armstrong).",1949,,71,"['western', 'music', 'action']",['US'],,tt0041901,6.5,112.0,0.646,
tm75894,Little Men,MOVIE,"Jo March and her husband Professor Bhaer operate the Plumfield School for poor boys. When Dan, a tough street kid, comes to the school, he wins Jo's heart despite his hard edge, and she defends him when he is falsely accused. Dan's foster father, Major Burdle, is a swindler in cahoots with another crook called Willie the Fox. When the Plumfield School becomes in danger of foreclosure, the two con men cook up a scheme to save the home.",1940,,84,"['comedy', 'drama']",['US'],,tt0032717,5.7,377.0,1.773,6.1
tm95965,The Magnificent Rogue,MOVIE,A serviceman returns home at the end of WWII to discover his wife has become the head of her own very successful advertising agency. Comedy.,1946,,74,"['drama', 'comedy', 'romance']",['US'],,tt0038716,5.7,62.0,0.6,
tm8273,The Extra Girl,MOVIE,"Sue Graham is a small town girl who wants to be a motion picture star. She wins a contract when a picture of a very pretty girl is sent to a studio instead of her picture. When she arrives in Hollywood, the mistake is discovered and she starts working in the props department of the studio instead. Her parents then come out to California and invest some money with a very shifty individual.",1923,,69,"['romance', 'crime', 'comedy']",['US'],,tt0014029,6.6,1155.0,2.055,6.3
tm16763,Her Favorite Patient,MOVIE,"A beautiful female doctor visits her small hometown on her way back to Chicago. Her overworked uncle, who is the town's doctor, wants her to stay and help him, and he and a macho test pilot who's fallen for her come up with a plan that involves the pilot faking an illness and being treated by her, with her uncle's ""help"".",1945,,72,['comedy'],['US'],,tt0037530,6.0,209.0,1.097,5.8
tm156476,Sunset Range,MOVIE,"Grant hides stolen money in the luggage of Bonnie Shea who is moving west. Later when he and his men arrive to retrieve the money, they also kidnap Bonnie. This sends Reasonin' Bates and his cowhands on their horses after the gangsters in their cars.",1935,,60,"['comedy', 'drama', 'western', 'action', 'romance']",['US'],,tt0027058,6.3,86.0,1.584,5.0
tm2759,The Garden of Eden,MOVIE,"Toni Le Brun, a beautiful Viennese singer, becomes the ward of the wardrobe mistress of a Monte Carlo nightclub. Her benefactor, however, is actually a baroness incognito. Toni falls in love with the handsome Richard, but as they prepare to marry, she comes to believe he is only after the wealth accompanying her new noble status. But truth, like true love, will not be kept secret long.",1928,,78,"['drama', 'comedy']",['US'],,tt0018927,6.9,444.0,1.383,5.8
tm106873,There's Always Tomorrow,MOVIE,"Ignored by his ever-busy wife and children, a middle-aged businessman finds companionship with a former female employee.",1934,,86,"['drama', 'romance']",['US'],,tt0025876,6.7,70.0,1.021,8.0
tm83487,Dick Tracy vs. Cueball,MOVIE,A police detective uses his girlfriend to track down a homicidal maniac.,1946,,62,"['thriller', 'action', 'crime', 'family']",['US'],,tt0038478,5.9,1249.0,1.988,5.1
tm3367,Gambler's Choice,MOVIE,The professional gambler Ross Hadley is the owner of a posh gaming establishment in the heart of New York...,1944,,66,"['crime', 'drama', 'romance', 'action']",['US'],,tt0036845,6.0,159.0,0.745,6.0
tm16252,The White Gorilla,MOVIE,A white gorilla causes trouble in the deepest heart of Africa. The film uses footage from the silent 1927 serial Perils Of The Jungle which was written by director of The White Gorilla Harry L Fraser under the name Harry P.Crist,1945,,62,['action'],['US'],,tt0039987,2.8,505.0,1.47,4.8
tm48923,Behind Office Doors,MOVIE,Mary Linden is the secretary who is the unheralded power behind successful executive James Duneen. He takes her for granted until rival Wales tries to take her away from him.,1931,,82,"['romance', 'drama']",['US'],,tt0021649,6.1,478.0,1.413,5.2
tm1583,365 Nights in Hollywood,MOVIE,Down-on-his-luck film director Jimmie Dale takes a job at a fly-by-night acting school. He is drawn into the plans of the school's owner to bilk a wealthy young man out of the funds he has supplied to shoot a movie starring pretty student Alice Perkins. But Jimmie hopes to bilk the bilkers by actually completing the movie as ostensibly planned.,1934,,77,"['comedy', 'music', 'romance']",['US'],,tt0024808,5.7,141.0,3.41,
tm116723,Murder with Pictures,MOVIE,"Suspected crime boss Nate Girard beats a murder rap, and newspaper photog Kent Murdock is on the story. Girard and lawyer Redfield throw a party for the news men where Murdock romances a mystery woman who confronted Girard in front of him, but Murdock's fiancée Hester shows up. After they return to his apartment, have a fight, and she leaves, the mystery woman slips in and begs for his help. Police Inspector Bacon and the cops show up, looking for the mystery woman; Murdock hides her. Murdock goes with the cops to discuss the murder the woman is suspected of. Bacon explains (in flashback) how some photogs were setting up a shot with Girard and Redfield. When the flashbulbs popped, Redfield keeled over dead and the woman, Meg Archer, fled while the newsmen ran out to phone their papers. The newsmen (who were rounded up later as thoroly as possible) are taken into police custody, except for Murdock (who wasn't at the scene), who is given a cap on the sly by rival McGoogin. Altho ...",1936,,69,['crime'],['US'],,tt0028004,5.6,351.0,1.4,4.9
tm99134,Little Men,MOVIE,"The former Jo March and her husband Professor Bhaer operate the Plumfield School for homeless boys. One of the boys, Nat, invites Dan, a street kid, to come to the school, where the boys are all loved and well cared for. Dan is a young tough, but his heart is good, and when he is accused of theft at the school, Jo continues to believe in him and that the true thief will be found out.",1934,,72,"['romance', 'drama']",['US'],,tt0026636,6.2,78.0,1.217,4.0
tm1540,A Romance of Happy Valley,MOVIE,"John Logan leaves his parents and sweetheart in bucolic Happy Valley to make his fortune in the city. Those he left behind become miserable and beleaguered in his absence, but after several years he returns, a wealthy man. But his embittered father, not recognizing him for who he is, plans to murder the newly- arrived ""stranger"" for his money.",1919,,76,"['drama', 'romance']",['US'],,tt0009559,6.3,396.0,1.691,7.0
tm153674,In Old Caliente,MOVIE,"Americans come west to California in the hope of peaceful settlement. Roy and Gabby sing a duet: ""We're Not Coming Out Tonight."" Other songs include ""Sundown on the Rangeland"" and ""Ride on Vaquero.""",1939,G,54,"['comedy', 'western', 'action', 'drama', 'music']",['US'],,tt0031478,5.7,224.0,1.176,5.0
tm89635,Dick Tracy's Dilemma,MOVIE,"Dick Tracy investigates the theft of a fortune of fur coats, a possible insurance swindle and several murders, all linked to a huge thug who wears a hook in place of his right hand.",1947,,60,"['crime', 'family', 'action', 'drama']",['US'],,tt0039321,5.9,990.0,1.686,5.4
tm134252,Tomorrow at Seven,MOVIE,"People in an old, dark mansion are menaced by a maniac called ""The Black Ace.",1933,,62,"['crime', 'drama', 'romance', 'thriller', 'comedy']",['US'],,tt0024679,5.6,295.0,2.806,6.6
tm114975,August Week End,MOVIE,"At a high-society dinner party, a wealthy, older and married man sets his sights on a beautiful young girl who's loved by a younger and not-so-wealthy man.",1936,,62,['drama'],['US'],,tt0027316,5.1,82.0,0.841,
tm76878,Boys of the City,MOVIE,"Street kids get sent to the country, where they get mixed up in murder and a haunted house.",1940,,68,"['thriller', 'comedy']",['US'],,tt0032277,5.6,622.0,2.231,5.4
tm89134,The Gunman From Bodie,MOVIE,"The Rough Riders are after a gang of rustlers. Marshal Roberts is posing as a wanted outlaw, McCall is the Marshal supposedly after him, and Sandy is on hand as a cook. Roberts hopes his joining the gang will help bring them in.",1941,,62,['western'],['US'],,tt0033683,5.9,133.0,0.991,7.0
tm89134,The Gunman From Bodie,MOVIE,"The Rough Riders are after a gang of rustlers. Marshal Roberts is posing as a wanted outlaw, McCall is the Marshal supposedly after him, and Sandy is on hand as a cook. Roberts hopes his joining the gang will help bring them in.",1941,,62,['western'],['US'],,tt0033683,5.9,133.0,0.991,7.0
tm206809,Dr. Christian Meets the Women,MOVIE,A conman arrives in town trying to sell his miracle methods of weight loss to the ladies. It's left to the good Dr. Christian to expose this fake and save a fragile young girl's life.,1940,,68,['drama'],['US'],,tt0032411,5.9,110.0,0.801,5.0
tm83660,Colonel Effingham's Raid,MOVIE,"The story takes place in 1940. On the eve of America's entry in World War II, a colonel retired to his small Southern town, and discovers that there is a plan afoot to tear down Confederate Monument Square. He begins a campaign to rally the townspeople to save the square.",1946,,72,"['romance', 'comedy']",['US'],,tt0037607,6.0,392.0,1.168,5.6
tm4564,Dangerous Passage,MOVIE,"Joe Beck leaves Central America so that he can return to Texas and collect a large inheritance, but he picks a dangerous ship on which to travel.",1944,,60,['drama'],['US'],,tt0036741,5.4,307.0,0.84,4.9
tm112173,The President's Mystery,MOVIE,"The screenplay for this mystery is based upon a story suggested to Liberty Magazine by President Franklin D. Roosevelt. It is the tale of a prominent lawyer who shocks his snooty friends, family and colleagues by abruptly abandoning his successful practice and his wife to find true happiness. He soon falls in love with another woman and continues to keep a low profile until he learns that his first wife stands accused of murdering him",1936,,80,"['thriller', 'drama']",['US'],,tt0028135,5.6,185.0,1.39,5.2
tm68321,Brothers of the West,MOVIE,"Tyler is a range detective whose brother stands accused of robbing a bank and murdering the bank president. To prove him innocent, Tyler must decipher his only clue, an unusual set of tire tracks.",1937,,58,"['western', 'action', 'romance', 'drama']",['US'],,tt0028666,6.0,74.0,0.661,6.0
tm138425,My Lady of Whims,MOVIE,"Aspiring author Prudence ""Prue"" Severn leaves her staid home for the wild life in New York's artistic Greenwich Village community. Her concerned family hires two thrill-seeking ex-doughboys, bow-tied Bartley ""Bart"" Greer and his trigger-happy buddy Lee, to look after her and, hopefully, persuade her to come home. They move into Prue's apartment building, where she lives with a sculptress pal. Although interested in Bart, Prue senses he is being paid to watch over her-- so she decides to elope with the handsome Rolf.",1925,,59,"['drama', 'comedy']",['US'],,tt0017184,5.7,144.0,2.362,5.8
tm220934,Riddle Ranch,MOVIE,"Rigging a horse race, Don Carlos wins a lot of money. When he loses his winnings at the gambling table, he shoots the dealer with Horton's gun. Horton is arrested but cannot prove his innocence.",1935,,63,"['western', 'romance']",['US'],,tt0137193,4.3,24.0,0.6,
tm82785,In Old Cheyenne,MOVIE,"Roy is a newspaper reporter. He goes to Cheyenne to cover the activities of supposed bad guy Arapahoe Brown. Roy, of course, discovers who the real bad guy is.",1941,,58,"['western', 'action', 'music', 'romance']",['US'],,tt0033752,6.2,127.0,2.089,3.5
tm210833,West of the Law,MOVIE,"The Rough Riders arrive to fight Rand, Ludlow and their gang. Buck poses as a preacher, Tim as a preacher, and Sandy as an undertaker. Buck not only wants the outlaws, but also their unknown boss.",1942,,60,"['western', 'drama', 'action']",['US'],,tt0035543,7.0,58.0,0.665,
tm67650,The Shadow Strikes,MOVIE,"Lamont Cranston assumes his secret identity as ""The Shadow"", to break up an attempted robbery at an attorney's office. When the police search the scene, Cranston must assume the identity of the attorney. Before he can leave, a phone call summons the attorney to the home of Delthern, a wealthy client, who wants a new will drawn up. As Cranston meets with him, Delthern is suddenly shot, and Cranston is quickly caught up in a new mystery.",1937,,62,"['thriller', 'crime']",['US'],,tt0029542,4.8,493.0,1.522,4.7
tm161739,Lying Lips,MOVIE,"A nightclub singer refuses to ""date"" customers, so she's framed for the murder of her aunt.",1939,,80,"['drama', 'music']",['US'],,tt0031599,4.5,157.0,0.816,4.8
tm76300,Three Men From Texas,MOVIE,Hoppy and new sidekick California Carlson head to California to help out Lucky Jenkins.,1940,,76,['western'],['US'],,tt0033160,6.8,214.0,2.172,6.3
tm77997,Bowery Blitzkrieg,MOVIE,"The East Side Kids discover that one of their own, Danny, is torn between staying and school and becoming a boxer, and is getting mixed up with gangsters.",1941,,62,"['crime', 'comedy', 'drama', 'romance', 'sport']",['US'],,tt0033428,5.9,618.0,1.422,6.0
tm8358,Merry-Go-Round,MOVIE,"A nobleman, posing as a necktie salesman, falls in love with the daughter of a circus puppeteer, even though he is already married to the daughter of his country's war minister.",1923,,110,['drama'],['US'],,tt0013386,6.5,364.0,1.704,6.0
tm89670,That Brennan Girl,MOVIE,"Raised by Natalie Brennan, a flamboyant and irresponsible mother, Ziggy Brennan gets involved in hustling men at a young age. She hangs around with a wild crowd and learns gets her ""street smarts"" first from her mother, who wants everyone to think they are sisters, and then from Denny Reagan, an older man. He starts teaching her his tricks of the trade and she falls right in line with his crooked ways. Then one night she meets Martin J. 'Mart' Neilson, a tall, handsome, honest farmer boy who's a sailor and they fall in love. While he's away fighting the war, she discovers she's pregnant.",1946,,95,"['drama', 'romance']",['US'],,tt0039020,6.5,306.0,0.864,5.3
tm160235,The Mystery of Mr. Wong,MOVIE,"Detective James Lee Wong must find the ""Eye of the Daughter of the Moon,"" a priceless but cursed sapphire stolen in China and smuggled to America. His search takes him into the heart of Chinatown and to the dreaded ""House of Hate"" to find the deadly gem before it can kill again.",1939,,68,['thriller'],['US'],,tt0031704,6.1,841.0,1.946,6.1
tm73029,Smart Alecks,MOVIE,"Danny helps to capture a wanted criminal and receives a $200 reward. However, he has a falling out with the gang when they believe he should share the money with them. Complications ensue when the crook that Danny helped capture escapes from jail and comes looking for him.",1942,,67,"['comedy', 'crime', 'drama', 'romance']",['US'],,tt0035345,5.6,508.0,1.499,6.0
tm143579,The Sphinx,MOVIE,"A man known to be a mute is suspected of committing a murder, as he was noticed at the scene. However, witnesses saw and heard him talking as he was leaving the scene of the crime. The police must determine if he is the actual killer or if he is being framed.",1933,,64,"['thriller', 'drama', 'crime']",['US'],,tt0024605,5.6,448.0,2.268,4.4
tm65608,Gunsmoke Ranch,MOVIE,"A crooked real estate manipulator sells worthless land on mortgage to flood refugees, then tries to profit by reselling the land to the state, committing murder in the process, as the Three Mesquiteers work to bring him and his gang to justice.",1937,G,56,"['western', 'action', 'drama']",['US'],,tt0028971,5.5,142.0,1.483,3.6
